x,y,sensor1,sensor2,sensor3,sensor4,sensor5,sensor6,motor1,motor2
0,0,0.007,0.0038,0.0095,0.005,0.004,0.0029,0.0007,0.0016
0,1,0.0083,0.0019,0.0028,0.008,0.0024,0.0003,0.0017,0.0049
0,2,0.009,0.0085,0.0088,0.0013,0.0089,0.0013,0.0054,0.0017
0,3,0.0074,0.0077,0.0052,0.0012,0.0071,0.0037,0.0052,0.004
0,4,0.00752462,0.00482468,0.00881325,0.00140705,0.00752391,0.00952457,0.00312473,0.00587505
0,5,0.0025278,0.0068238,0.00435811,0.00413009,0.0070141,0.00652408,0.0096212,0.00426588
0,6,0.0069895,0.0102799,0.00772268,0.00392475,0.0113449,0.00479589,0.00748805,0.00308119
0,7,0.015841,0.0160397,0.0101924,0.00878083,0.0098106,0.00858849,0.00709824,-0.00560799
0,8,0.0188332,0.021402,0.00835721,0.00872494,0.0205378,0.0173424,0.0122137,-0.0116209
0,9,0.0222966,0.0250377,0.0151408,0.015123,0.0294765,0.0237211,0.0234714,-0.0173038
0,10,0.0340419,0.0422533,0.0247693,0.0212866,0.0323104,0.0348047,0.0385823,-0.0339453
0,11,0.0571815,0.0578421,0.0398563,0.0285247,0.0500048,0.0566595,0.0610509,-0.0555771
0,12,0.0856876,0.0866078,0.0541358,0.0415544,0.0656914,0.0736994,0.0850436,-0.0761185
0,13,0.114059,0.105742,0.0677077,0.0576351,0.0842869,0.09294,0.108335,-0.103238
0,14,0.136026,0.142002,0.0873319,0.0671743,0.100833,0.115934,0.136372,-0.132475
0,15,0.170953,0.17204,0.114038,0.0840733,0.121778,0.130766,0.166357,-0.156412
0,16,0.211711,0.211234,0.151312,0.11247,0.134448,0.151205,0.209088,-0.16286
0,17,0.267172,0.269377,0.201957,0.164542,0.148046,0.169825,0.271141,-0.135729
0,18,0.347177,0.345081,0.282004,0.23404,0.16906,0.189809,0.348618,-0.0647351
0,19,0.47017,0.466754,0.398076,0.347766,0.18872,0.210508,0.469316,0.0896775
0,20,0.597559,0.596709,0.523133,0.468561,0.211407,0.22563,0.595414,0.283125
0,21,0.754664,0.754713,0.68125,0.609329,0.237228,0.244986,0.755179,0.547927
0,22,0.905313,0.905769,0.8279,0.738571,0.263667,0.263741,0.905332,0.814588
0,23,0.985733,0.985599,0.90267,0.799393,0.278243,0.270404,0.985611,0.967578
0,24,0.999757,0.999755,0.899017,0.802237,0.28278,0.264459,0.999756,0.998984
0,25,1,1,0.885714,0.8,0.285714,0.257143,1,1
0,26,1,1,0.849849,0.808807,0.284867,0.262751,1,0.999974
0,27,1,1,0.8,0.800001,0.285714,0.257143,1,1
0,28,1,1,0.721649,0.932015,0.294747,0.30369,1,0.999997
0,29,1,1,0.671356,1,0.299928,0.328355,1,1
1,0,0.0022,0.0085,0.0015,0.0003,0.0082,0.0027,0.0076,0.0077
1,1,0.0018,0.0058,0.0052,0.0045,0.0049,0.0061,0.0043,0.0052
1,2,0.0084,0.0077,0.0017,0.0025,0.0042,0.0056,0.0094,0.009
1,3,0.008,0.0049,0.0061,0.0023,0.0074,0.0087,0.0066,0.0096
1,4,0.00714165,0.00804162,0.00982236,0.00541176,0.000840719,0.00734164,0.00304183,0.00235795
1,5,0.00461536,0.00960826,0.00759578,0.00849857,0.00559944,0.00251835,0.00451551,0.00127626
1,6,0.0129571,0.00897464,0.00716068,0.00455269,0.00464552,0.00887508,0.00628651,0.00366954
1,7,0.0192594,0.0178732,0.00520258,0.0102543,0.016382,0.016586,0.0160909,-0.00599142
1,8,0.0232623,0.024342,0.0184749,0.0121202,0.0213714,0.0207947,0.0262069,-0.0120727
1,9,0.033098,0.0372578,0.0213093,0.0167312,0.0367327,0.0398059,0.039773,-0.0282611
1,10,0.0552005,0.0554845,0.0354581,0.0222675,0.0565892,0.0615721,0.0535911,-0.047343
1,11,0.094778,0.088669,0.0548043,0.041392,0.0808252,0.0883546,0.0954162,-0.0862984
1,12,0.131327,0.132724,0.0831546,0.0644759,0.111089,0.115862,0.131152,-0.117963
1,13,0.168863,0.176678,0.1071,0.0819763,0.140561,0.14775,0.16903,-0.161048
1,14,0.216637,0.219547,0.134875,0.100831,0.17082,0.181947,0.219232,-0.210029
1,15,0.260766,0.259655,0.17449,0.133463,0.198141,0.215904,0.2601,-0.248545
1,16,0.315335,0.318838,0.218234,0.166746,0.214036,0.242583,0.314922,-0.265593
1,17,0.387582,0.38647,0.281958,0.226016,0.232122,0.25601,0.385419,-0.242706
1,18,0.472232,0.471274,0.371289,0.305207,0.242449,0.269384,0.46776,-0.167513
1,19,0.58799,0.590714,0.494925,0.423828,0.252066,0.279271,0.589971,0.0119792
1,20,0.707599,0.705299,0.617632,0.542497,0.256467,0.281348,0.707068,0.240197
1,21,0.839181,0.840146,0.762148,0.674379,0.267096,0.280276,0.839503,0.546948
1,22,0.950618,0.950583,0.883528,0.773967,0.275246,0.279644,0.950534,0.836858
1,23,0.995451,0.995473,0.937674,0.804853,0.27713,0.278747,0.995464,0.976736
1,24,0.999963,0.999963,0.943009,0.798127,0.274901,0.280621,0.999963,0.998919
1,25,1,1,0.937122,0.794912,0.273886,0.282482,1,0.999926
1,26,1,1,0.894467,0.821385,0.279677,0.278279,1,0.999936
1,27,1,1,0.840848,0.853114,0.285801,0.276376,1,0.999979
1,28,1,1,0.772594,0.922307,0.291959,0.296491,1,0.99998
1,29,1,1,0.703971,0.984611,0.297596,0.31789,1,0.999992
2,0,0.0017,0.007,0.0097,0.009,0.0009,0.0063,0.0064,0.0097
2,1,0.0039,0.0086,0.0036,0.0095,0.0041,0.001,0.0036,0.0033
2,2,0.0044,0.006,0.0004,0.0004,0.0063,0.0056,0.006,0.0094
2,3,0.0094,0.0087,0.0069,0.0046,0.0052,0.0061,0.008,0.0069
2,4,0.00306753,0.00776721,0.00593637,0.00401908,0.00396553,0.00246757,0.00366749,0.00773174
2,5,0.00329307,0.00908092,0.00822654,0.00584196,0.00995764,0.0029937,0.010478,0.000299382
2,6,0.013212,0.0150004,0.00578988,0.00548036,0.0107571,0.0150004,0.00913844,-0.00258105
2,7,0.0219274,0.0238983,0.0154163,0.0077578,0.0198017,0.0209419,0.0238983,-0.00615994
2,8,0.0316742,0.0330354,0.0163626,0.01786,0.0346415,0.0335009,0.0334243,-0.0189369
2,9,0.0525038,0.0525038,0.0298694,0.0194378,0.0511536,0.0519382,0.0526938,-0.0490825
2,10,0.0835209,0.0878331,0.0473803,0.0362577,0.0818019,0.0877476,0.0909526,-0.0809519
2,11,0.141824,0.143464,0.0825435,0.0584533,0.121614,0.129123,0.136818,-0.129912
2,12,0.205546,0.200254,0.121699,0.0918023,0.17319,0.179583,0.20298,-0.197127
2,13,0.269053,0.265601,0.159843,0.123439,0.221672,0.23993,0.272285,-0.262736
2,14,0.334794,0.33606,0.209203,0.154762,0.275544,0.296516,0.338723,-0.330665
2,15,0.402141,0.399616,0.25483,0.193873,0.310262,0.339588,0.403464,-0.388979
2,16,0.468277,0.465595,0.309368,0.238238,0.332781,0.369164,0.468116,-0.419534
2,17,0.538743,0.535676,0.386432,0.297544,0.340453,0.383752,0.536977,-0.399552
2,18,0.616438,0.616822,0.474058,0.381238,0.33407,0.383466,0.618166,-0.323357
2,19,0.71668,0.717134,0.590787,0.499111,0.325419,0.368867,0.716538,-0.135919
2,20,0.807376,0.806192,0.701134,0.605201,0.30689,0.343562,0.806677,0.113742
2,21,0.899917,0.899837,0.818304,0.71394,0.290837,0.314795,0.900259,0.458977
2,22,0.971664,0.971599,0.913968,0.790514,0.28154,0.292367,0.971587,0.794753
2,23,0.99797,0.997977,0.962676,0.807827,0.275706,0.284127,0.997965,0.96753
2,24,0.999995,0.999995,0.985811,0.794622,0.26883,0.292184,0.999995,0.998827
2,25,1,1,1,0.771432,0.257144,0.314284,1,1
2,26,1,1,0.943465,0.829537,0.275111,0.290054,1,0.999928
2,27,1,1,0.885714,0.885714,0.285714,0.285714,1,1
2,28,1,1,0.865292,0.918277,0.287465,0.28045,1,0.999952
2,29,1,1,0.850889,0.96612,0.28902,0.273759,1,0.999963
3,0,0.003,0.0044,0.0092,0.006,0.0051,0.0056,0.0027,0.0025
3,1,0.0098,0.0019,0.0008,0.0028,0.002,0.0081,0.0061,0.0082
3,2,0.0086,0.0094,0.0045,0.0066,0.0093,0.0054,0.0059,0.003
3,3,0.002,0.0089,0.0001,0.0022,0.0095,0.0041,0.0066,0.0026
3,4,0.00840274,0.00610298,0.00845537,0.00352924,0.00160048,0.00130348,0.00610298,0.00139624
3,5,0.00615935,0.00974867,0.00576358,0.0062507,0.00772425,0.00346737,0.00635876,0.000421052
3,6,0.00913761,0.0167673,0.00463902,0.0125714,0.0122089,0.0148846,0.0114166,-0.00398513
3,7,0.0255338,0.0230857,0.0173752,0.0116212,0.0266839,0.0246525,0.0274924,-0.0161329
3,8,0.0496952,0.0453766,0.0282947,0.0160043,0.0456069,0.0441948,0.0430732,-0.0309809
3,9,0.0743443,0.0802733,0.0427884,0.032585,0.0778118,0.0809828,0.0820334,-0.0665626
3,10,0.130014,0.132727,0.0720258,0.0547138,0.122764,0.131857,0.128351,-0.116361
3,11,0.209203,0.209203,0.120613,0.0910887,0.188141,0.195111,0.209995,-0.203897
3,12,0.308733,0.304768,0.178947,0.129771,0.267436,0.286508,0.306159,-0.300734
3,13,0.411555,0.411792,0.23545,0.175512,0.354118,0.372391,0.40877,-0.406933
3,14,0.509597,0.509399,0.295565,0.220669,0.430687,0.456866,0.506874,-0.50049
3,15,0.587661,0.588615,0.356386,0.263755,0.479278,0.515873,0.587601,-0.576959
3,16,0.654584,0.652177,0.418502,0.314925,0.492345,0.541101,0.654195,-0.611267
3,17,0.714445,0.712633,0.491324,0.377608,0.478124,0.536487,0.713021,-0.600932
3,18,0.775225,0.774909,0.579376,0.458238,0.444672,0.509552,0.774194,-0.533819
3,19,0.843022,0.843559,0.681189,0.562282,0.397328,0.463528,0.843203,-0.355901
3,20,0.895328,0.895748,0.77051,0.652745,0.348869,0.40677,0.895182,-0.112426
3,21,0.945184,0.945459,0.856295,0.738952,0.310647,0.35145,0.94501,0.248218
3,22,0.98288,0.982964,0.926076,0.799683,0.287655,0.307232,0.982807,0.646375
3,23,0.998316,0.998307,0.96817,0.816456,0.278189,0.285567,0.998301,0.913666
3,24,0.999988,0.999988,0.991357,0.813824,0.277288,0.276316,0.999988,0.994384
3,25,1,1,1,0.828568,0.285713,0.257146,1,1
3,26,1,1,0.966542,0.836179,0.28061,0.276713,1,0.999464
3,27,1,1,0.906792,0.894574,0.286798,0.279529,1,0.999647
3,28,1,1,0.897198,0.956661,0.288032,0.266079,1,0.999925
3,29,1,1,0.885715,0.97143,0.285714,0.257143,1,1
4,0,0.0056,0.0096,0.0049,0.0042,0.0067,0.0071,0.0026,0.0077
4,1,0.0017,0.0085,0.0018,0.0067,0.0091,0.0006,0.0083,0.0067
4,2,0.0081,0.002,0.0019,0.0077,0.0003,0.0068,0.0064,0.0077
4,3,0.0037,0.0061,0.0027,0.0048,0.0042,0.0058,0.0062,0.0096
4,4,0.00564812,0.00134876,0.00398027,0.0024422,0.00824348,0.00654799,0.000148942,0.00944963
4,5,0.00899032,0.00580315,0.00836974,0.00542374,0.00616046,0.00859192,0.00460797,-0.00361198
4,6,0.0187909,0.0148404,0.0142475,0.0109283,0.0212241,0.0168157,0.0167169,-0.00950721
4,7,0.0289469,0.0350682,0.0217058,0.014603,0.0307815,0.0321533,0.0325419,-0.0203965
4,8,0.0610439,0.0639692,0.0290487,0.0234981,0.0593683,0.0567549,0.0589678,-0.0474549
4,9,0.107255,0.113162,0.0576264,0.0427772,0.104661,0.108702,0.109493,-0.104929
4,10,0.187762,0.184901,0.101429,0.0728263,0.179793,0.182222,0.189561,-0.17599
4,11,0.311816,0.310637,0.170931,0.122605,0.27688,0.294998,0.312441,-0.302519
4,12,0.45305,0.455524,0.254731,0.187404,0.404168,0.42398,0.455304,-0.448982
4,13,0.596129,0.597058,0.333185,0.243007,0.53826,0.561145,0.597664,-0.594756
4,14,0.716981,0.715929,0.401789,0.294227,0.638591,0.670878,0.71846,-0.715617
4,15,0.794072,0.793782,0.453777,0.337325,0.689598,0.726075,0.794824,-0.787759
4,16,0.84062,0.84033,0.508022,0.38158,0.681208,0.731157,0.839023,-0.81371
4,17,0.873943,0.8744,0.576464,0.438102,0.624339,0.693335,0.873515,-0.802755
4,18,0.907091,0.906753,0.662166,0.515425,0.538627,0.623374,0.906881,-0.747475
4,19,0.94018,0.939649,0.752454,0.606922,0.44386,0.535992,0.93946,-0.609984
4,20,0.961757,0.961753,0.824773,0.683436,0.36645,0.45279,0.961407,-0.417934
4,21,0.978717,0.978866,0.883651,0.751932,0.315464,0.381598,0.978656,-0.104459
4,22,0.991609,0.991591,0.92953,0.805027,0.289341,0.326771,0.991501,0.317341
4,23,0.998398,0.998399,0.961158,0.83033,0.281752,0.293652,0.998381,0.714294
4,24,0.999918,0.999918,0.980078,0.832779,0.282613,0.277772,0.999918,0.932434
4,25,0.999999,0.999999,0.986324,0.835677,0.285149,0.27013,0.999999,0.987098
4,26,1,1,0.965876,0.872265,0.293542,0.274264,1,0.992475
4,27,1,1,0.943197,0.941558,0.30451,0.272177,1,0.997752
4,28,1,1,0.933768,0.986467,0.295611,0.262896,1,0.999879
4,29,1,1,0.914289,0.999999,0.285714,0.257143,1,1
5,0,0.0005,0.001,0.0014,0.003,0.0038,0.0045,0.0088,0.0006
5,1,0.0078,0.0086,0.0003,0.0043,0.0026,0.0002,0.0013,0.0008
5,2,0.0064,0.0085,0.0055,0.0041,0.0013,0.008,0.0016,0.0066
5,3,0.0002,0.0038,0.0069,0.0086,0.0038,0.0084,0.0079,0.0041
5,4,0.00959778,0.00929784,0.00730695,0.00315643,0.00389321,0.00609848,0.00389892,0.00120007
5,5,0.00960674,0.00891033,0.00822484,0.00890474,0.0091561,0.0120939,0.0127903,-0.00473187
5,6,0.0212123,0.0192441,0.0121371,0.0122599,0.0170042,0.0217043,0.0192441,-0.014422
5,7,0.0461115,0.0372506,0.0183693,0.0163438,0.0447532,0.0444741,0.0440889,-0.029064
5,8,0.0813822,0.0790693,0.0391102,0.0278246,0.0736203,0.0792895,0.0767563,-0.070095
5,9,0.150208,0.149351,0.0756592,0.0549138,0.141677,0.142454,0.145236,-0.142492
5,10,0.25571,0.258846,0.13751,0.0971659,0.244728,0.252027,0.257651,-0.251304
5,11,0.427505,0.430655,0.2352,0.170895,0.395907,0.412535,0.431342,-0.42699
5,12,0.627585,0.627622,0.337749,0.245541,0.578946,0.600744,0.62597,-0.623792
5,13,0.799202,0.800087,0.426972,0.308391,0.748998,0.773816,0.800147,-0.797191
5,14,0.906908,0.906711,0.480024,0.351736,0.854477,0.879594,0.906407,-0.906023
5,15,0.950319,0.950433,0.507944,0.37832,0.885628,0.913676,0.95028,-0.947667
5,16,0.962466,0.962171,0.542074,0.406163,0.846803,0.889003,0.962025,-0.952605
5,17,0.968735,0.968757,0.609127,0.459564,0.738997,0.80996,0.968266,-0.937561
5,18,0.978055,0.977942,0.705592,0.541145,0.584223,0.686472,0.977687,-0.900935
5,19,0.987826,0.987844,0.798898,0.630155,0.433946,0.554254,0.98761,-0.823334
5,20,0.993122,0.993109,0.862541,0.698818,0.335313,0.454249,0.992954,-0.722722
5,21,0.995958,0.995945,0.904651,0.757214,0.287275,0.385604,0.995824,-0.529131
5,22,0.997769,0.997773,0.934886,0.808734,0.272094,0.337705,0.997691,-0.188111
5,23,0.999178,0.999179,0.955851,0.846375,0.277127,0.30682,0.999145,0.268157
5,24,0.999871,0.999871,0.967796,0.868769,0.291358,0.290891,0.999865,0.667621
5,25,0.999993,0.999993,0.971539,0.892379,0.30789,0.284645,0.999993,0.88174
5,26,1,1,0.971563,0.936891,0.329044,0.280491,1,0.968002
5,27,1,1,0.977892,0.982048,0.345666,0.269659,1,0.996318
5,28,1,1,0.984365,0.997748,0.331553,0.265385,1,0.9999
5,29,1,1,0.999996,1,0.285716,0.257147,1,1
6,0,0.0054,0.0081,0.007,0.0057,0.0054,0.0096,0.0078,0.0049
6,1,0.0017,0.0082,0.0005,0.0083,0.0017,0.0061,0.0012,0.0031
6,2,0.0092,0.0036,0.0013,0.0013,0.0052,0.0013,0.0044,0.0079
6,3,0.0039,0.007,0.0045,0.0097,0.0063,0.002,0.0074,0.0016
6,4,0.000447645,0.00474658,0.00743265,0.00556941,0.00423963,0.00524646,0.00054762,0.00535092
6,5,0.0093536,0.00676965,0.00705105,0.00688633,0.0126691,0.0113413,0.0139252,-0.000508546
6,6,0.0276805,0.0281709,0.01644,0.0106842,0.0194285,0.020521,0.0209133,-0.0152249
6,7,0.0530277,0.0509269,0.0261129,0.0203987,0.0523519,0.0461524,0.0509269,-0.0372719
6,8,0.098193,0.096561,0.0507254,0.0422169,0.098682,0.0967589,0.0977397,-0.0919368
6,9,0.184807,0.188409,0.0989005,0.0673329,0.178167,0.184469,0.186771,-0.179157
6,10,0.330022,0.330358,0.175285,0.122793,0.317954,0.331756,0.332844,-0.325653
6,11,0.554489,0.553147,0.299047,0.209997,0.518236,0.53808,0.552923,-0.549344
6,12,0.789134,0.788433,0.417711,0.29356,0.747953,0.769004,0.789112,-0.78703
6,13,0.942559,0.942737,0.489251,0.342776,0.910817,0.930958,0.942816,-0.942368
6,14,0.991673,0.991669,0.506837,0.369319,0.972843,0.985718,0.991609,-0.991553
6,15,0.998436,0.998447,0.508412,0.388122,0.98548,0.993346,0.998416,-0.998253
6,16,0.997772,0.997786,0.522333,0.399607,0.948703,0.970813,0.997731,-0.996321
6,17,0.996778,0.996771,0.598913,0.452405,0.805751,0.873424,0.996682,-0.987963
6,18,0.9977,0.997689,0.727501,0.552382,0.570749,0.693683,0.997588,-0.971023
6,19,0.999144,0.999145,0.833814,0.645082,0.364073,0.517938,0.999075,-0.946417
6,20,0.999686,0.999689,0.886692,0.701792,0.26551,0.418359,0.999649,-0.925247
6,21,0.999809,0.999809,0.920511,0.759433,0.235039,0.360687,0.999774,-0.857744
6,22,0.999816,0.999815,0.947141,0.819744,0.231538,0.321574,0.999769,-0.680379
6,23,0.999845,0.999844,0.961839,0.863713,0.250094,0.30398,0.99979,-0.310046
6,24,0.999943,0.999943,0.969192,0.898505,0.288353,0.300067,0.999914,0.228184
6,25,0.999995,0.999995,0.97493,0.935628,0.332316,0.300181,0.999991,0.69628
6,26,1,1,0.983077,0.973121,0.366647,0.294293,1,0.935443
6,27,1,1,0.993876,0.995861,0.383726,0.269094,1,0.996461
6,28,1,1,1,1,0.399996,0.228577,1,1
6,29,1,1,1,1,0.314289,0.371418,1,1
7,0,0.0029,0.0074,0.0019,0.0085,0.0009,0.0086,0.0091,0.0065
7,1,0.0048,0.0021,0.0065,0.0037,0.0071,0.0019,0.005,0.0047
7,2,0.0051,0.0027,0.007,0.009,0.0088,0.0029,0.003,0.0006
7,3,0.0058,0.0075,0.0023,0.0084,0.0096,0.008,0.0012,0.0024
7,4,0.00578111,0.00338179,0.000953222,0.00627901,0.00187414,0.000282667,0.00308188,0.00611552
7,5,0.00903717,0.0159885,0.00346587,0.0114323,0.00797267,0.011917,0.0105267,-0.000993484
7,6,0.0292418,0.02259,0.01594,0.0141312,0.0249937,0.029633,0.028557,-0.0129059
7,7,0.0567273,0.0602367,0.0328989,0.0233212,0.0577859,0.0598573,0.0585294,-0.0490445
7,8,0.109666,0.115375,0.0630186,0.0421075,0.112786,0.109575,0.116445,-0.107793
7,9,0.213335,0.220028,0.117553,0.0793113,0.208685,0.214611,0.218847,-0.211052
7,10,0.390904,0.390598,0.207753,0.146377,0.37407,0.390259,0.392432,-0.384607
7,11,0.651857,0.651577,0.345888,0.24158,0.615181,0.638281,0.651855,-0.648813
7,12,0.892911,0.89248,0.468013,0.317706,0.857857,0.88041,0.892397,-0.891167
7,13,0.992072,0.99206,0.514097,0.33516,0.969892,0.989051,0.991923,-0.99189
7,14,0.999942,0.999941,0.511868,0.352275,0.987122,0.999636,0.999938,-0.999938
7,15,1,1,0.514283,0.399999,1,1,1,-1
7,16,0.999982,0.999982,0.50096,0.395453,0.982791,0.993149,0.999957,-0.999872
7,17,0.999871,0.999872,0.589904,0.447661,0.827387,0.901908,0.999491,-0.997504
7,18,0.999903,0.999904,0.75692,0.567415,0.520353,0.677595,0.999113,-0.991648
7,19,0.999988,0.999988,0.86131,0.651114,0.279304,0.470132,0.999562,-0.990685
7,20,0.999999,0.999999,0.883517,0.672349,0.211557,0.402325,0.999869,-0.994642
7,21,0.999999,0.999999,0.926046,0.753902,0.201527,0.339215,0.999781,-0.983741
7,22,0.999998,0.999998,0.966145,0.85301,0.195637,0.285824,0.999535,-0.940789
7,23,0.999992,0.999992,0.977163,0.893838,0.21006,0.277931,0.998872,-0.763373
7,24,0.999989,0.999989,0.97756,0.916662,0.264329,0.294892,0.998065,-0.238077
7,25,0.999998,0.999998,0.980182,0.951673,0.342111,0.315627,0.998635,0.470742
7,26,1,1,0.987484,0.982808,0.397794,0.321733,0.999693,0.891555
7,27,1,1,0.99435,0.996273,0.422172,0.314636,0.999986,0.992857
7,28,1,1,0.995724,0.999115,0.418963,0.325436,1,0.9998
7,29,1,1,0.991852,0.999215,0.378845,0.385807,1,0.999967
8,0,0.0042,0.0022,0.0089,0.0014,0.0018,0.0009,0.0072,0.0041
8,1,0.0009,0.0095,0.0073,0.0081,0.0069,0.0026,0.0027,0.003
8,2,0.0006,0.0098,0.0029,0.0083,0.0061,0.0013,0.0087,0.0061
8,3,0.0066,0.0049,0.0053,0.0013,0.0001,0.0071,0.0008,0.0044
8,4,0.00969275,0.00979272,0.00575878,0.00118411,0.000786938,0.00319467,0.00559396,0.00110406
8,5,0.00987996,0.00978069,0.0129725,0.0120512,0.0122869,0.00928433,0.00978069,-0.00164054
8,6,0.0248839,0.0283033,0.015274,0.0158314,0.0292257,0.0255678,0.0269356,-0.0199991
8,7,0.0615081,0.0634934,0.031497,0.0264991,0.0602614,0.0596173,0.0562139,-0.0490289
8,8,0.119545,0.121845,0.0652396,0.0465939,0.112557,0.117316,0.121138,-0.112911
8,9,0.231512,0.232438,0.120075,0.0911164,0.22585,0.231097,0.232052,-0.220626
8,10,0.417327,0.422688,0.222365,0.156345,0.401617,0.416263,0.422863,-0.411966
8,11,0.692683,0.693668,0.36969,0.257208,0.658006,0.680127,0.693388,-0.691235
8,12,0.927208,0.92682,0.486142,0.322834,0.893549,0.917222,0.927045,-0.925947
8,13,0.998375,0.998374,0.52382,0.316277,0.974747,0.99735,0.998342,-0.99832
8,14,1,1,0.542852,0.28572,0.97143,1,1,-1
8,15,1,1,0.42858,0.399995,0.999999,1,1,-1
8,16,1,1,0.482472,0.395715,0.975729,0.993694,0.99998,-0.999959
8,17,0.999995,0.999995,0.626502,0.465714,0.783183,0.909809,0.999635,-0.999018
8,18,0.999997,0.999997,0.801654,0.582647,0.479457,0.704912,0.999359,-0.99726
8,19,1,1,0.87287,0.647808,0.249662,0.465193,0.999828,-0.998558
8,20,1,1,0.857144,0.628572,0.2,0.428569,1,-1
8,21,1,1,0.948036,0.770463,0.193266,0.297503,0.999984,-0.999455
8,22,1,1,0.991532,0.924432,0.178603,0.247655,0.999972,-0.997979
8,23,1,1,0.992494,0.938524,0.182453,0.250821,0.999657,-0.960731
8,24,0.999999,0.999999,0.985931,0.931902,0.233166,0.280269,0.997812,-0.586632
8,25,0.999999,0.999999,0.982111,0.953876,0.339608,0.328973,0.99738,0.245745
8,26,1,1,0.98612,0.980964,0.420833,0.353123,0.999269,0.838868
8,27,1,1,0.993689,0.994167,0.466192,0.347057,0.999973,0.991877
8,28,1,1,0.999999,1,0.514275,0.314297,1,1
8,29,1,1,0.985786,1,0.385643,0.442785,1,1
9,0,0.0092,0.0091,0.0027,0.0029,0.0078,0.0037,0.0077,0.001
9,1,0.0064,0.0003,0.0044,0.0012,0.0058,0.0008,0.0058,0.0006
9,2,0.0063,0.0038,0.0073,0.0009,0.0055,0.0035,0.0082,0.0024
9,3,0.0026,0.0039,0.0021,0.0049,0.002,0.0096,0.0008,0.0011
9,4,0.00898021,0.00388165,0.00395237,0.0066789,0.00737258,0.00188221,0.00788052,0.00311637
9,5,0.00882393,0.00902251,0.00822828,0.0101097,0.00974418,0.00753321,0.015079,0.00160114
9,6,0.026732,0.0279048,0.0208442,0.017554,0.0311791,0.0303483,0.0245818,-0.021161
9,7,0.0555248,0.0575122,0.0326276,0.0227701,0.0565639,0.0602566,0.05808,-0.0514554
9,8,0.113791,0.120973,0.0659834,0.0481378,0.110278,0.118905,0.114412,-0.111664
9,9,0.229346,0.227326,0.123592,0.0828722,0.219123,0.228436,0.230434,-0.222741
9,10,0.40713,0.411054,0.218607,0.150355,0.392262,0.404665,0.407367,-0.399696
9,11,0.672734,0.673985,0.359934,0.253621,0.63257,0.657088,0.671379,-0.668482
9,12,0.904735,0.90415,0.477041,0.323195,0.865184,0.891188,0.904196,-0.902892
9,13,0.993305,0.99335,0.516869,0.330794,0.966177,0.989632,0.993074,-0.992966
9,14,0.999928,0.999928,0.510708,0.330982,0.978391,0.998994,0.999903,-0.999903
9,15,0.999998,0.999998,0.480598,0.372682,0.981223,0.997863,0.999974,-0.999969
9,16,0.999998,0.999997,0.541683,0.414733,0.906165,0.98098,0.999814,-0.999757
9,17,0.999998,0.999998,0.745663,0.51703,0.65329,0.924492,0.999495,-0.999249
9,18,1,1,0.862532,0.580786,0.493129,0.86918,0.999644,-0.99931
9,19,1,1,0.891906,0.644687,0.334844,0.601048,0.999599,-0.998699
9,20,1,1,0.933955,0.715883,0.211144,0.335806,0.999923,-0.999655
9,21,1,1,0.999999,0.742872,0.199998,0.200005,1,-1
9,22,1,1,1,0.999977,0.17143,0.257126,1,-1
9,23,1,1,0.999998,0.971421,0.171433,0.228587,1,-0.999992
9,24,1,1,0.989606,0.940293,0.220131,0.274817,0.996567,-0.726591
9,25,1,1,0.980028,0.950642,0.34174,0.349113,0.994221,0.0979967
9,26,1,1,0.977499,0.970704,0.433542,0.39425,0.997799,0.77166
9,27,1,1,0.981555,0.976661,0.46302,0.397463,0.999795,0.977942
9,28,1,1,0.985761,0.970462,0.457671,0.410009,0.999994,0.999166
9,29,1,1,0.984049,0.951898,0.425205,0.460883,0.999999,0.999922
10,0,0.0075,0.0071,0.0042,0.004,0.0059,0.0001,0.0034,0.0081
10,1,0.0058,0.0004,0.0057,0.0019,0.0055,0.0023,0.0055,0.0029
10,2,0.0081,0.0098,0.0049,0.0029,0.0013,0.0086,0.0019,0.0053
10,3,0.0012,0.0041,0.0049,0.0056,0.0089,0.0018,0.0037,0.0063
10,4,0.00894554,0.00794579,0.000534363,0.00476961,0.00813866,0.00414673,0.00294703,0.00335141
10,5,0.0107767,0.0149494,0.00851379,0.0118771,0.00713457,0.00739886,0.0088891,0.00223804
10,6,0.0215054,0.0279687,0.0120802,0.00926076,0.0262776,0.0244433,0.0275769,-0.0136712
10,7,0.056235,0.0507187,0.0269728,0.0238828,0.0517269,0.0549986,0.0519551,-0.0467242
10,8,0.106478,0.10585,0.0591637,0.0396205,0.10624,0.11138,0.107735,-0.101454
10,9,0.206352,0.200431,0.105774,0.0813924,0.192573,0.202453,0.206112,-0.198111
10,10,0.359788,0.365235,0.192616,0.138311,0.343674,0.358051,0.361711,-0.358506
10,11,0.597621,0.599154,0.327494,0.232303,0.552907,0.577536,0.59995,-0.593492
10,12,0.82709,0.827368,0.446551,0.312051,0.77381,0.804997,0.825125,-0.823997
10,13,0.959831,0.959778,0.508047,0.350944,0.912108,0.944392,0.957998,-0.957312
10,14,0.994829,0.994792,0.521592,0.365333,0.947783,0.98374,0.993796,-0.993741
10,15,0.999281,0.999278,0.542485,0.394109,0.919254,0.981953,0.998344,-0.998262
10,16,0.999847,0.999846,0.650223,0.461077,0.781614,0.957344,0.998384,-0.998202
10,17,0.999992,0.999992,0.838089,0.554807,0.558525,0.94564,0.999238,-0.999122
10,18,1,1,0.885714,0.571429,0.514286,0.971429,1,-1
10,19,1,1,0.895127,0.615077,0.439524,0.800609,0.99896,-0.998141
10,20,1,1,0.952597,0.749347,0.253109,0.387866,0.998394,-0.996461
10,21,1,1,0.989896,0.838893,0.193694,0.244949,0.999557,-0.998686
10,22,1,1,0.997262,0.936467,0.178276,0.240823,0.999712,-0.998334
10,23,1,1,0.995428,0.944981,0.183285,0.249269,0.997756,-0.969437
10,24,0.999999,0.999999,0.986695,0.934915,0.244503,0.298273,0.988403,-0.65707
10,25,0.999999,0.999999,0.974034,0.946259,0.377051,0.397012,0.984749,0.102113
10,26,1,1,0.961748,0.959343,0.468333,0.464261,0.993172,0.729714
10,27,1,1,0.94874,0.950903,0.48592,0.489568,0.998876,0.959615
10,28,1,1,0.942431,0.90909,0.477836,0.525867,0.999956,0.998173
10,29,1,1,0.99999,0.828579,0.457147,0.542859,1,1
11,0,0.0034,0.0042,0.0013,0.0035,0.0018,0.002,0.0005,0.0089
11,1,0.0059,0.0017,0.0015,0.0088,0.0012,0.0008,0.0037,0.0064
11,2,0.0075,0.0042,0.0004,0.0082,0.008,0.0043,0.0006,0.0048
11,3,0.0089,0.003,0.004,0.0031,0.0069,0.001,0.0074,0.0002
11,4,0.00539862,0.0089979,0.00380765,0.00685569,0.00109377,0.00439882,0.00579854,0.00649901
11,5,0.0112157,0.0127074,0.00834041,0.00885931,0.0132488,0.0147958,0.00872962,-0.000177326
11,6,0.0212014,0.0213979,0.0122817,0.00792098,0.025236,0.0217908,0.0238535,-0.0112809
11,7,0.0482703,0.0417536,0.0300801,0.018674,0.0420886,0.048462,0.0453953,-0.0358119
11,8,0.0922462,0.0937074,0.0473937,0.03816,0.0854398,0.0944097,0.0899631,-0.0801915
11,9,0.170832,0.173583,0.091309,0.065099,0.165302,0.171963,0.17325,-0.164661
11,10,0.294871,0.295648,0.15977,0.117627,0.281541,0.299105,0.298118,-0.292048
11,11,0.49644,0.494406,0.277835,0.196811,0.44519,0.470522,0.494945,-0.487574
11,12,0.704328,0.704596,0.393943,0.284811,0.63575,0.672194,0.700182,-0.697201
11,13,0.869213,0.868409,0.48512,0.347651,0.787972,0.834129,0.861828,-0.859627
11,14,0.955577,0.9553,0.541344,0.388129,0.854509,0.918846,0.948409,-0.947751
11,15,0.986852,0.986764,0.598167,0.428163,0.829674,0.939085,0.97947,-0.979091
11,16,0.996736,0.996734,0.702675,0.49104,0.711133,0.925488,0.98861,-0.987956
11,17,0.999619,0.999616,0.827994,0.556622,0.563254,0.918877,0.993657,-0.993066
11,18,0.999971,0.999971,0.87675,0.58074,0.50625,0.918428,0.996311,-0.995739
11,19,0.999984,0.999984,0.895239,0.631588,0.437695,0.769512,0.989565,-0.984839
11,20,0.999995,0.999995,0.939984,0.745402,0.303368,0.478752,0.981459,-0.969552
11,21,0.999999,0.999999,0.974193,0.837162,0.225623,0.315864,0.982322,-0.964663
11,22,0.999999,0.999999,0.9862,0.89248,0.206406,0.276093,0.980896,-0.942268
11,23,0.999997,0.999997,0.986262,0.914066,0.230678,0.293093,0.968464,-0.816217
11,24,0.999995,0.999995,0.979445,0.926054,0.327259,0.372503,0.952192,-0.39657
11,25,0.999999,0.999999,0.968051,0.945887,0.47009,0.492562,0.959091,0.260773
11,26,1,1,0.950112,0.958687,0.557364,0.572077,0.982195,0.755844
11,27,1,1,0.918319,0.954462,0.560374,0.590106,0.996412,0.955549
11,28,1,1,0.85938,0.952465,0.529472,0.585281,0.999831,0.997723
11,29,1,1,0.771439,0.999993,0.542853,0.599998,1,1
12,0,0.0047,0.0083,0.0078,0.0032,0.0061,0.003,0.0035,0.0094
12,1,0.0072,0.0028,0.0062,0.0071,0.0032,0.0085,0.0009,0.0094
12,2,0.0008,0.0032,0.0014,0.0071,0.0076,0.0004,0.0072,0.0047
12,3,0.0047,0.003,0.0014,0.0058,0.0091,0.0091,0.0007,0.0039
12,4,0.00744786,0.00874766,0.0071798,0.00354203,0.00184443,0.000748853,0.0031485,0.00854976
12,5,0.00783424,0.0135089,0.00809774,0.00817478,0.0118721,0.01102,0.0104227,0.0036146
12,6,0.0240016,0.021636,0.0123636,0.0124243,0.0217801,0.0169048,0.0165106,-0.0120751
12,7,0.0387122,0.0368757,0.0242976,0.0165343,0.0355673,0.0418054,0.0415154,-0.0333959
12,8,0.0755537,0.074157,0.0388343,0.0336855,0.0720117,0.0744198,0.0757399,-0.0600035
12,9,0.134342,0.132514,0.0744018,0.051527,0.12279,0.131218,0.130338,-0.121375
12,10,0.233354,0.230723,0.128083,0.0923237,0.217507,0.23163,0.233277,-0.223061
12,11,0.382394,0.385367,0.224485,0.161487,0.33749,0.362749,0.383722,-0.37883
12,12,0.55759,0.560073,0.326304,0.241215,0.482625,0.521532,0.553317,-0.545467
12,13,0.726092,0.726559,0.431094,0.314905,0.621665,0.673384,0.708496,-0.706409
12,14,0.854342,0.854371,0.522111,0.38115,0.709948,0.786575,0.830277,-0.830013
12,15,0.931711,0.931739,0.607726,0.440063,0.723965,0.844758,0.903252,-0.901287
12,16,0.972836,0.972603,0.702823,0.502096,0.666696,0.858508,0.938551,-0.935925
12,17,0.991524,0.991562,0.794569,0.56042,0.577737,0.846443,0.951996,-0.946872
12,18,0.997542,0.997541,0.852336,0.606261,0.505274,0.802243,0.947807,-0.938008
12,19,0.999144,0.999147,0.890059,0.667786,0.434119,0.681349,0.921876,-0.893377
12,20,0.999676,0.999675,0.928254,0.750956,0.351536,0.510807,0.886694,-0.836455
12,21,0.999872,0.999871,0.957235,0.822219,0.298575,0.392921,0.863535,-0.77636
12,22,0.999926,0.999926,0.971148,0.868312,0.295321,0.357019,0.846962,-0.671516
12,23,0.999952,0.999952,0.975066,0.898206,0.351407,0.393036,0.833776,-0.428226
12,24,0.999983,0.999983,0.973827,0.925475,0.473684,0.497527,0.849559,0.0119201
12,25,0.999998,0.999998,0.968348,0.952044,0.616298,0.629293,0.906569,0.507327
12,26,1,1,0.956098,0.968133,0.704694,0.718626,0.964129,0.835441
12,27,1,1,0.931696,0.972296,0.716366,0.740451,0.991919,0.964826
12,28,1,1,0.88624,0.974614,0.665724,0.704467,0.998961,0.99548
12,29,1,1,0.847618,0.979848,0.61894,0.666388,0.999839,0.99935
13,0,0.0084,0.0042,0.0011,0.0081,0.0091,0.0002,0.0068,0.0027
13,1,0.0027,0.0036,0.0042,0.0084,0.0058,0.0028,0.0047,0.0041
13,2,0.0065,0.0047,0.0016,0.0054,0.0022,0.0056,0.0031,0.0066
13,3,0.001,0.009,0.0097,0.0087,0.0079,0.007,0.0039,0.0062
13,4,0.00150346,0.00510308,0.00445578,0.000429559,0.00510012,0.00130348,0.0030033,0.00769559
13,5,0.00796173,0.010553,0.00776843,0.00151794,0.0131112,0.0040749,0.00786207,0.00280179
13,6,0.0163251,0.0168196,0.00714893,0.0114479,0.0122534,0.0156328,0.0153361,-0.00880856
13,7,0.0291226,0.0293175,0.0136568,0.0107944,0.0262337,0.0301946,0.0329234,-0.0231776
13,8,0.0611876,0.0540768,0.0296645,0.023858,0.0529391,0.0572059,0.0543612,-0.0445957
13,9,0.0988292,0.10398,0.0590888,0.0393067,0.0988227,0.0981771,0.104342,-0.0920515
13,10,0.172151,0.165724,0.0931749,0.0724816,0.156697,0.169673,0.166976,-0.158044
13,11,0.281298,0.282736,0.167184,0.122517,0.243608,0.265505,0.283474,-0.275418
13,12,0.41774,0.421235,0.256734,0.190424,0.345324,0.379473,0.407804,-0.404251
13,13,0.567408,0.570012,0.35911,0.265067,0.456385,0.505905,0.538122,-0.530745
13,14,0.705307,0.706226,0.461308,0.340647,0.547083,0.615629,0.654988,-0.652853
13,15,0.816008,0.815361,0.562804,0.416569,0.594398,0.695554,0.747118,-0.742179
13,16,0.897692,0.896897,0.66302,0.491808,0.592931,0.735706,0.800738,-0.791938
13,17,0.950119,0.95014,0.755836,0.56476,0.559048,0.736902,0.814705,-0.793931
13,18,0.97846,0.978351,0.827734,0.632251,0.511134,0.693312,0.782005,-0.740211
13,19,0.991576,0.991515,0.88149,0.703069,0.464307,0.608639,0.702507,-0.615452
13,20,0.996552,0.996575,0.920755,0.770016,0.425381,0.510145,0.592267,-0.466749
13,21,0.998647,0.998654,0.947303,0.825051,0.41274,0.445595,0.5003,-0.304527
13,22,0.999468,0.999468,0.962204,0.865338,0.436693,0.43779,0.464348,-0.124579
13,23,0.999823,0.999823,0.97002,0.898472,0.508161,0.495123,0.510815,0.11683
13,24,0.999969,0.999968,0.974264,0.931246,0.628855,0.615476,0.649823,0.43376
13,25,0.999998,0.999998,0.975772,0.960675,0.761319,0.7565,0.826333,0.738077
13,26,1,1,0.974814,0.979589,0.854157,0.858372,0.947107,0.921945
13,27,1,1,0.973058,0.988749,0.900425,0.908966,0.991049,0.986295
13,28,1,1,0.971984,0.993273,0.920096,0.929329,0.999043,0.998443
13,29,1,1,0.971618,0.994815,0.92581,0.93493,0.999826,0.999715
14,0,0.0057,0.0038,0.0079,0.0091,0.0064,0.0064,0.005,0.0097
14,1,0.001,0.0066,0.003,0.0072,0.0065,0.0071,0.0026,0.0078
14,2,0.0088,0.0084,0.0001,0.004,0.009,0.0054,0.0095,0.0026
14,3,0.0056,0.0022,0.0018,0.008,0.0062,0.0029,0.0074,0.002
14,4,0.00656729,0.00526738,0.0010367,0.00311914,0.00186567,0.00586734,0.00276755,0.00253209
14,5,0.00493594,0.00812812,0.0109981,0.00976043,0.0053113,0.00483618,0.00922544,-0.000546684
14,6,0.00893132,0.0148831,0.00965523,0.00287755,0.0103348,0.0132959,0.0106177,-0.000301253
14,7,0.0256895,0.0228432,0.0150343,0.0101978,0.0253069,0.0216655,0.024021,-0.0149914
14,8,0.0456913,0.0436701,0.0261478,0.0142936,0.0381766,0.0464809,0.0402051,-0.0329864
14,9,0.073624,0.0711094,0.0407993,0.0339846,0.0687587,0.0690116,0.0777217,-0.0631933
14,10,0.122788,0.121021,0.0700807,0.0543547,0.106871,0.122547,0.122877,-0.10918
14,11,0.201276,0.201997,0.123509,0.0967002,0.168753,0.186552,0.20168,-0.195355
14,12,0.303649,0.307842,0.195568,0.147227,0.243445,0.268092,0.287292,-0.283657
14,13,0.42133,0.423645,0.280435,0.213345,0.323251,0.35804,0.37586,-0.374065
14,14,0.548856,0.548401,0.376323,0.28843,0.39936,0.452919,0.469354,-0.463217
14,15,0.666416,0.668189,0.483183,0.370119,0.458071,0.52963,0.540808,-0.533851
14,16,0.77539,0.775186,0.592601,0.458528,0.492046,0.580051,0.580893,-0.564909
14,17,0.866523,0.865984,0.703727,0.554292,0.507258,0.601453,0.568479,-0.522477
14,18,0.932559,0.932546,0.802122,0.649084,0.50758,0.58374,0.473792,-0.384921
14,19,0.972903,0.972886,0.878609,0.735874,0.506386,0.535495,0.292302,-0.141095
14,20,0.990175,0.990219,0.925406,0.79869,0.507626,0.475458,0.0515045,0.123301
14,21,0.99702,0.997026,0.951617,0.842574,0.521814,0.439988,-0.133279,0.35141
14,22,0.999153,0.999152,0.964602,0.873852,0.549704,0.446395,-0.167545,0.498965
14,23,0.99979,0.99979,0.971646,0.901246,0.608731,0.514193,-0.00296098,0.607206
14,24,0.99997,0.99997,0.977269,0.932235,0.717475,0.655463,0.344949,0.739486
14,25,0.999999,0.999999,0.983045,0.963567,0.846489,0.821762,0.719921,0.883008
14,26,1,1,0.988704,0.985108,0.937821,0.934503,0.936023,0.971629
14,27,1,1,0.994406,0.995495,0.980956,0.982213,0.994692,0.997496
14,28,1,1,0.998633,0.999228,0.996489,0.996908,0.999917,0.999962
14,29,1,1,0.99969,0.999852,0.999278,0.999369,0.999999,1
15,0,0.0097,0.0035,0.0059,0.0023,0.0076,0.0054,0.0039,0.001
15,1,0.0069,0.0017,0.007,0.0021,0.0018,0.0082,0.0075,0.0095
15,2,0.0025,0.0052,0.0034,0.0046,0.0069,0.0071,0.001,0.0086
15,3,0.0027,0,0.0037,0.0076,0.0087,0.003,0.0025,0.0083
15,4,0.00654168,0.00824161,0.000722744,0.00401182,0.0037406,0.00454176,0.00504174,0.000758015
15,5,0.00788254,0.00368965,0.00374295,0.00839874,0.00177655,0.00199253,0.00908051,0.00100239
15,6,0.0110293,0.00635586,0.00987688,0.00421322,0.0131572,0.013714,0.00665416,-0.00516265
15,7,0.0208215,0.0174658,0.0142975,0.0111031,0.0202962,0.0135179,0.0178606,-0.00887909
15,8,0.0344843,0.0315629,0.0218191,0.0122361,0.0250672,0.0292642,0.0293231,-0.0202669
15,9,0.0524363,0.053103,0.0298691,0.0235361,0.0497318,0.0488267,0.0549128,-0.0460544
15,10,0.0814655,0.0842269,0.0485657,0.0407947,0.0746832,0.0830688,0.0797166,-0.078428
15,11,0.1455,0.144465,0.0933648,0.0692717,0.116451,0.124702,0.138072,-0.131605
15,12,0.217968,0.218441,0.147685,0.111915,0.160898,0.179917,0.197257,-0.188427
15,13,0.310931,0.311001,0.213845,0.165894,0.227067,0.244506,0.249959,-0.245026
15,14,0.411697,0.414121,0.296847,0.234435,0.283856,0.314268,0.306396,-0.299479
15,15,0.526111,0.524867,0.400087,0.314506,0.344297,0.378157,0.340985,-0.331742
15,16,0.643876,0.642187,0.513603,0.409513,0.394272,0.435167,0.344936,-0.321288
15,17,0.76813,0.768551,0.649139,0.532426,0.448486,0.473567,0.283375,-0.215367
15,18,0.879163,0.878824,0.781381,0.658293,0.496949,0.484707,0.109255,0.0141913
15,19,0.957407,0.957428,0.887542,0.764265,0.539373,0.463359,-0.190145,0.354893
15,20,0.989861,0.989783,0.941993,0.821721,0.561178,0.417438,-0.540702,0.66683
15,21,0.998425,0.998429,0.96285,0.853963,0.57118,0.385805,-0.74774,0.844404
15,22,0.999722,0.999722,0.972073,0.884274,0.577648,0.380437,-0.76461,0.895525
15,23,0.99992,0.999921,0.975685,0.9036,0.613211,0.437131,-0.559312,0.893049
15,24,0.999982,0.999982,0.978716,0.925727,0.719127,0.602806,-0.0431495,0.902481
15,25,0.999999,0.999999,0.985481,0.957504,0.866461,0.820208,0.573053,0.949736
15,26,1,1,0.993409,0.982484,0.963773,0.955653,0.916885,0.988926
15,27,1,1,0.998547,0.994638,0.995423,0.995294,0.995655,0.999436
15,28,1,1,0.999963,0.999395,0.999914,0.999924,0.999992,0.999999
15,29,1,1,1,1,1,1,1,1
16,0,0.0031,0.0049,0.0046,0,0.0012,0.0064,0.0068,0.0041
16,1,0.0065,0.0023,0.0071,0.0096,0.004,0.0081,0.006,0.0094
16,2,0.0018,0.0053,0.0044,0.0063,0.0049,0.0035,0.0092,0.0093
16,3,0.0014,0.0019,0.0024,0.0065,0.0092,0.0084,0.0001,0.0022
16,4,0.00322472,0.00482468,0.00201341,0.00440698,0.00132406,0.00892458,0.00852459,0.00757501
16,5,0.00223092,0.00672583,0.00785917,0.00530376,0.00491698,0.00462821,0.00552719,0.0043616
16,6,0.0126238,0.0124245,0.00361363,0.00496606,0.00600845,0.00485386,0.00684615,-0.000271606
16,7,0.0118654,0.0140459,0.00453837,0.00528213,0.012272,0.00909033,0.0129556,-0.00225168
16,8,0.0225296,0.0239047,0.0107234,0.0125505,0.0218319,0.0272008,0.0214492,-0.0118238
16,9,0.0369643,0.0328988,0.0185914,0.0212652,0.0337698,0.0370254,0.0362868,-0.029027
16,10,0.0568825,0.0589655,0.0368471,0.0272301,0.0542189,0.0616918,0.0622793,-0.0439112
16,11,0.0975167,0.10187,0.0617407,0.0517658,0.0804307,0.0865497,0.0974029,-0.0888777
16,12,0.148298,0.151712,0.101231,0.0824532,0.110785,0.121902,0.128927,-0.125684
16,13,0.223449,0.222435,0.167508,0.132349,0.158058,0.168292,0.152829,-0.148615
16,14,0.303793,0.309991,0.236719,0.188217,0.205588,0.220704,0.179578,-0.171987
16,15,0.409569,0.409985,0.322744,0.264253,0.255646,0.270395,0.17969,-0.170502
16,16,0.528379,0.528521,0.441302,0.365969,0.31704,0.320667,0.148745,-0.121709
16,17,0.679282,0.682136,0.596314,0.5057,0.396756,0.374392,0.0407842,0.035087
16,18,0.837851,0.837477,0.766689,0.65925,0.487919,0.413947,-0.189105,0.321746
16,19,0.954755,0.954759,0.901658,0.780043,0.557913,0.413921,-0.552628,0.684754
16,20,0.995701,0.995706,0.952756,0.813701,0.582233,0.382896,-0.890905,0.933502
16,21,0.999912,0.999912,0.961735,0.828958,0.581295,0.364287,-0.985905,0.993078
16,22,0.999995,0.999995,0.981268,0.91625,0.562753,0.326019,-0.987012,0.996155
16,23,0.999994,0.999994,0.98254,0.925144,0.576549,0.349792,-0.893567,0.985982
16,24,0.999988,0.999988,0.978619,0.919941,0.675658,0.511672,-0.402215,0.968438
16,25,0.999997,0.999997,0.982301,0.942244,0.8477,0.777685,0.38931,0.976341
16,26,1,1,0.991348,0.967938,0.962719,0.948479,0.871821,0.993779
16,27,1,1,0.997922,0.982593,0.995971,0.995066,0.990701,0.999549
16,28,1,1,0.999848,0.98803,0.999835,0.999836,0.999874,0.999996
16,29,1,1,0.99999,0.988937,0.999988,0.999989,0.999999,1
17,0,0.0044,0.0002,0.0033,0.001,0.0076,0.0069,0.0078,0.0053
17,1,0.0057,0.0083,0.0007,0.0077,0.0083,0.0039,0.0043,0.0027
17,2,0.0025,0.0037,0.0045,0.0054,0.0037,0.0062,0.0029,0.001
17,3,0.003,0.0088,0.004,0.0036,0.0001,0.0017,0.0069,0.0045
17,4,0.00171407,0.000314087,0.00550757,0.0093039,0.00721359,0.00351404,0.00451403,0.00288587
17,5,0.00243296,0.00573054,0.000867945,0.0100582,0.0096206,0.00553068,0.00343222,0.000564838
17,6,0.0108378,0.00974066,0.00775729,0.003109,0.00602288,0.0118353,0.0057509,0.00382454
17,7,0.0140786,0.0128857,0.00305953,0.0103841,0.0145162,0.0126869,0.00881,-0.00562897
17,8,0.0187626,0.0200472,0.0156918,0.00855691,0.0129017,0.0158664,0.0187626,-0.00868347
17,9,0.0299985,0.0283345,0.0148392,0.0161812,0.0215759,0.0267725,0.0301943,-0.0205041
17,10,0.0378819,0.040391,0.0228801,0.0204997,0.0358723,0.0401505,0.0378819,-0.0317058
17,11,0.0645733,0.0646671,0.042387,0.031601,0.0553166,0.0571555,0.0634215,-0.0555419
17,12,0.103499,0.102151,0.0726429,0.0592416,0.0750259,0.0851589,0.0867657,-0.0758876
17,13,0.162836,0.159049,0.12242,0.102312,0.110146,0.112106,0.0920735,-0.0772624
17,14,0.232066,0.227039,0.184459,0.147435,0.147939,0.154042,0.0914474,-0.0805421
17,15,0.316817,0.320239,0.261712,0.216697,0.191826,0.189733,0.0732207,-0.0614904
17,16,0.437102,0.440264,0.381272,0.321602,0.258432,0.239801,0.012225,0.0122238
17,17,0.605097,0.604461,0.547626,0.468375,0.354788,0.304952,-0.111659,0.189397
17,18,0.797486,0.79769,0.742698,0.644541,0.471782,0.366109,-0.351178,0.483457
17,19,0.949183,0.948952,0.902347,0.77956,0.562353,0.392216,-0.702221,0.813822
17,20,0.998077,0.998063,0.951571,0.791922,0.589157,0.382148,-0.971645,0.986064
17,21,1,1,0.94286,0.742869,0.599997,0.399995,-1,1
17,22,1,1,0.999998,0.999989,0.542859,0.285719,-1,1
17,23,1,1,0.988422,0.950045,0.559731,0.31739,-0.969375,0.998147
17,24,0.999978,0.999978,0.975916,0.914487,0.649178,0.463202,-0.568032,0.9876
17,25,0.999982,0.999982,0.971377,0.916388,0.825725,0.73822,0.248607,0.986751
17,26,0.999999,0.999999,0.979,0.932542,0.952259,0.930363,0.80894,0.995369
17,27,1,1,0.990758,0.944726,0.99316,0.990617,0.976993,0.999384
17,28,1,1,0.99822,0.938529,0.999572,0.999488,0.999092,0.999978
17,29,1,1,1,0.914287,1,1,1,1
18,0,0.002,0.0009,0.0007,0.0004,0.0041,0.0077,0.0095,0.0033
18,1,0.0015,0.0051,0.0076,0.0042,0.0051,0.0053,0.007,0.0061
18,2,0.0009,0.0062,0.0078,0.0014,0.0051,0.0045,0.003,0.0003
18,3,0.0065,0.0089,0,0.0085,0.0005,0.0026,0.0096,0.0024
18,4,0.00350771,0.000207738,0.00260418,0.00740215,0.00790746,0.00230772,0.000607735,0.00919219
18,5,0.00786045,0.00856012,0.00383126,0.00266645,0.00375786,0.00116355,0.00885998,0.00373417
18,6,0.00834857,0.00804906,0.00621736,0.00258918,0.00244052,0.0100457,0.0037562,0.0056282
18,7,0.0111461,0.00596625,0.00771323,0.00916371,0.00861684,0.00935308,0.003974,0.00419423
18,8,0.0131938,0.0105147,0.00958632,0.00642179,0.012375,0.0137683,0.0104155,-0.00535492
18,9,0.0178493,0.0200189,0.0123705,0.0127624,0.0193061,0.0169959,0.0152852,-0.0104528
18,10,0.0320101,0.0293715,0.0185656,0.0095001,0.0252024,0.0298309,0.0298601,-0.0200873
18,11,0.0500456,0.0438105,0.0278855,0.0246091,0.0378045,0.0348259,0.043121,-0.036694
18,12,0.0724893,0.0770487,0.0580201,0.0473371,0.0506707,0.0516503,0.0493928,-0.0412045
18,13,0.120906,0.120021,0.0959954,0.0767757,0.0809625,0.081141,0.0488731,-0.0361326
18,14,0.173491,0.171998,0.147047,0.123469,0.112095,0.106278,0.0343384,-0.0252942
18,15,0.25286,0.247886,0.21378,0.182592,0.148007,0.139149,0.00297612,0.00562617
18,16,0.358957,0.361918,0.319385,0.275674,0.212253,0.181176,-0.0578131,0.0854939
18,17,0.521467,0.522377,0.483477,0.420337,0.310614,0.249112,-0.176179,0.252599
18,18,0.730741,0.730144,0.685145,0.600277,0.436339,0.328187,-0.381992,0.520092
18,19,0.913013,0.913336,0.869563,0.757235,0.547793,0.380833,-0.671787,0.809585
18,20,0.990361,0.990375,0.948439,0.810701,0.583943,0.377744,-0.926044,0.969529
18,21,0.999748,0.999749,0.961478,0.828735,0.581941,0.363958,-0.990963,0.998057
18,22,0.999977,0.999978,0.980943,0.915794,0.563244,0.325913,-0.99034,0.999215
18,23,0.999937,0.999938,0.979585,0.920337,0.577406,0.347854,-0.911979,0.996662
18,24,0.999782,0.999781,0.962408,0.891715,0.670266,0.495281,-0.484623,0.990452
18,25,0.999841,0.999842,0.943715,0.870989,0.830745,0.743884,0.25496,0.990767
18,26,0.99998,0.99998,0.941893,0.863468,0.947465,0.921855,0.778318,0.996359
18,27,1,1,0.96063,0.866426,0.990347,0.986105,0.962694,0.999308
18,28,1,1,0.985894,0.863216,0.999068,0.99875,0.997071,0.999945
18,29,1,1,0.996167,0.855425,0.999885,0.999865,0.999773,0.999995
19,0,0.0011,0.0069,0.0094,0.0017,0.0007,0.0027,0.0064,0.0035
19,1,0.0031,0.0006,0.0029,0.0043,0.0043,0.0059,0.0047,0.005
19,2,0.008,0.007,0.0073,0.0005,0.0039,0.0074,0.0032,0.0072
19,3,0.0006,0.001,0.0051,0.0048,0.006,0.0008,0.0098,0.0069
19,4,0.0077,0.0094,0.0086,0.0083,0.002,0.005,0.0019,0.0051
19,5,0.0057031,0.00490318,0.00955309,3.84606e-05,0.000802854,0.00420325,0.00500317,0.00839544
19,6,0.00185385,0.00265341,0.00907228,0.00519595,0.00994359,0.00265341,0.00295324,-0.00045463
19,7,0.00440908,0.00890272,0.00550319,0.00950284,0.00948943,0.00610668,0.00740484,0.0045782
19,8,0.00712531,0.00772343,0.006136,0.00732647,0.01245,0.00920492,0.00443378,0.00214551
19,9,0.00680394,0.00660512,0.00869687,0.00385777,0.0100065,0.00586605,0.0155519,5.52911e-05
19,10,0.0120435,0.0184787,0.00715186,0.00593749,0.00885874,0.0131347,0.0115485,-0.00640027
19,11,0.0198649,0.0252594,0.0164478,0.0193209,0.0136202,0.0235918,0.0237886,-0.0140784
19,12,0.0414797,0.0471526,0.0319318,0.0272518,0.0282664,0.0275343,0.0269087,-0.0138323
19,13,0.0756358,0.0756358,0.069017,0.0593952,0.0455985,0.0472953,0.00937147,-0.00121258
19,14,0.119726,0.118576,0.10708,0.0914368,0.0727821,0.0661745,-0.00300023,0.0188459
19,15,0.179587,0.178022,0.164976,0.140759,0.100357,0.0852288,-0.0464886,0.0523523
19,16,0.269472,0.269838,0.253067,0.219853,0.154666,0.123645,-0.105668,0.128186
19,17,0.421014,0.421714,0.394689,0.345019,0.2475,0.190126,-0.198383,0.268284
19,18,0.617186,0.617262,0.587532,0.519447,0.373799,0.278002,-0.343954,0.490017
19,19,0.8208,0.820004,0.782324,0.690278,0.50405,0.35887,-0.542471,0.737958
19,20,0.94195,0.942467,0.903057,0.794523,0.568423,0.381588,-0.759987,0.904161
19,21,0.986586,0.986609,0.950556,0.84409,0.585944,0.37766,-0.869453,0.972407
19,22,0.995696,0.995684,0.962604,0.873071,0.592616,0.378934,-0.857862,0.987691
19,23,0.99692,0.996913,0.954796,0.873104,0.630373,0.435666,-0.674013,0.988496
19,24,0.997354,0.997343,0.925591,0.841913,0.732518,0.593278,-0.198461,0.988211
19,25,0.998808,0.998809,0.884898,0.792076,0.869037,0.801969,0.421441,0.992767
19,26,0.99982,0.999821,0.858055,0.747977,0.960086,0.940094,0.826992,0.997697
19,27,0.999992,0.999992,0.874305,0.739196,0.992176,0.988442,0.967431,0.999558
19,28,1,1,0.952636,0.766418,0.999333,0.999048,0.997471,0.999966
19,29,1,1,1,0.771429,1,1,1,1
20,0,0.0041,0.0044,0.0031,0.0036,0.0048,0.0096,0.008,0.008
20,1,0.0078,0.0035,0.0034,0.0014,0.0068,0.0016,0.0097,0.0011
20,2,0.0067,0.0073,0.0002,0.0093,0.0053,0.007,0.0038,0.0052
20,3,0.0096,0.0016,0.0042,0.0073,0.0063,0.0013,0.0062,0.0004
20,4,0.0057,0.0094,0.004,0.0004,0.0089,0.0019,0.0085,0.0068
20,5,0.0053,0.0018,0.008,0.0022,0.0032,0.0078,0.0031,0.0001
20,6,0.0053,0.0034,0.0094,0.0005,0.0003,0.0033,0.0055,0.0098
20,7,0.0047,0.0097,0.0072,0.0012,0.001,0.0036,0.0014,0.0065
20,8,0.00341106,0.0055104,0.00727418,0.00227765,0.00735822,0.00590137,0.00900931,0.00228716
20,9,0.00767977,0.00727996,0.0052257,0.000875854,0.00474635,0.00836563,0.000983009,0.00911211
20,10,0.00246194,0.0109512,0.00131881,0.00212021,0.00354611,0.00702003,0.00256181,0.00632694
20,11,0.00949799,0.0125852,0.012439,0.00955722,0.00344522,0.00267374,0.00713138,0.00103484
20,12,0.0197555,0.0148286,0.0204929,0.0137299,0.0130104,0.0130127,0.00280777,0.00468103
20,13,0.0406447,0.047377,0.0393968,0.0384314,0.0274106,0.0195773,-0.0134999,0.0279263
20,14,0.0699166,0.0731823,0.0730283,0.0617593,0.0385908,0.0280068,-0.037856,0.048773
20,15,0.119742,0.11361,0.110313,0.0952637,0.0635882,0.0500842,-0.070636,0.0855348
20,16,0.187373,0.184508,0.174506,0.15649,0.109524,0.0753899,-0.124017,0.143577
20,17,0.302648,0.30531,0.294853,0.258386,0.17906,0.130084,-0.198006,0.259996
20,18,0.471353,0.475432,0.450818,0.403558,0.293597,0.215187,-0.28567,0.428996
20,19,0.668692,0.668225,0.634625,0.56538,0.427619,0.314141,-0.38866,0.633027
20,20,0.815783,0.816928,0.777232,0.692636,0.519697,0.372084,-0.52516,0.79379
20,21,0.909271,0.908851,0.865336,0.774411,0.580932,0.412116,-0.594678,0.895225
20,22,0.952364,0.952172,0.898806,0.809435,0.626693,0.457256,-0.538651,0.942974
20,23,0.971008,0.971002,0.894108,0.805438,0.69398,0.548906,-0.293168,0.964313
20,24,0.984021,0.984098,0.858121,0.763455,0.802462,0.707358,0.160164,0.979724
20,25,0.994949,0.994923,0.80066,0.689394,0.918885,0.879283,0.652603,0.993216
20,26,0.999484,0.999484,0.744365,0.612612,0.984048,0.976071,0.930668,0.999213
20,27,0.999985,0.999985,0.726131,0.582983,0.998161,0.99724,0.992027,0.999963
20,28,0.999999,0.999999,0.801453,0.642635,0.999494,0.999255,0.997914,0.999995
20,29,1,1,0.895867,0.71508,0.999829,0.99976,0.999376,0.999999
21,0,0.0002,0.0017,0.0022,0.0062,0.0039,0.0013,0.0049,0.0081
21,1,0.0087,0.0091,0.0028,0.0023,0.0097,0.0003,0.0006,0.0098
21,2,0.0016,0.0062,0.007,0.0001,0.0066,0.0083,0.0079,0.0011
21,3,0.0022,0.0022,0.0086,0.0022,0.0026,0.0084,0.0031,0.0028
21,4,0,0.0051,0.009,0.0037,0.0064,0.0038,0.0017,0.005
21,5,0.0031,0.0046,0.0073,0.0027,0.0047,0.0077,0.0024,0.0061
21,6,0.0038,0.0095,0.0062,0.0005,0.0079,0.0043,0.0014,0.0002
21,7,0.0063,0.0002,0.0022,0.0089,0.0084,0.0051,0.0017,0.0085
21,8,0.0003,0.0006,0.0023,0.0067,0.0045,0.0039,0.0016,0.0074
21,9,0.0085,0.0087,0.0002,0.0031,0.0065,0.0027,0.0092,0.0002
21,10,0.0021,0.0056,0.0005,0.0001,0.0097,0.002,0.0002,0.0059
21,11,0.00202703,0.00242702,0.0050254,0.000520108,0.00741605,0.00651066,0.00877268,0.00772688
21,12,0.013883,0.00792397,0.0108867,0.00690499,0.00898908,0.00854031,0.00200771,0.0102083
21,13,0.0283976,0.0325952,0.0294108,0.0215357,0.015231,0.0139525,-0.0224429,0.0274214
21,14,0.0448724,0.045255,0.0457175,0.0383941,0.0283863,0.0186176,-0.0370302,0.0488892
21,15,0.0801174,0.0763235,0.0779398,0.0673102,0.0506575,0.0309386,-0.0719197,0.0797473
21,16,0.12944,0.128827,0.12634,0.108003,0.0733369,0.0506708,-0.109167,0.12944
21,17,0.212785,0.209779,0.208296,0.186707,0.133579,0.093358,-0.160777,0.215316
21,18,0.339194,0.341441,0.330169,0.292974,0.22483,0.162443,-0.201954,0.341045
21,19,0.505103,0.504006,0.476734,0.427551,0.338561,0.25777,-0.247725,0.504554
21,20,0.641313,0.643184,0.604843,0.541432,0.436389,0.328727,-0.306906,0.643435
21,21,0.756385,0.757533,0.705734,0.634276,0.525936,0.404703,-0.309937,0.75724
21,22,0.839826,0.839438,0.766163,0.688005,0.611073,0.492499,-0.209236,0.838371
21,23,0.899012,0.899103,0.788473,0.70194,0.712144,0.614135,0.0415641,0.899164
21,24,0.949567,0.94976,0.774303,0.674302,0.836037,0.776323,0.431954,0.949511
21,25,0.987075,0.98701,0.731935,0.609845,0.948276,0.927923,0.811095,0.987069
21,26,0.99946,0.999457,0.690339,0.550475,0.996169,0.994436,0.984568,0.99946
21,27,1,1,0.685713,0.542856,1,1,1,1
21,28,1,1,0.662453,0.528856,0.999958,0.999937,0.999817,1
21,29,1,1,0.657171,0.578111,0.999949,0.999925,0.999792,1
22,0,0.0048,0.0082,0.0059,0.0072,0.0034,0.007,0.0049,0.0044
22,1,0.0041,0.0079,0.0089,0.0083,0.0029,0.0003,0.0083,0.0072
22,2,0.0026,0.0081,0.0031,0.0066,0.007,0.0035,0.0005,0.0005
22,3,0.0078,0,0.0038,0.0042,0.002,0.0066,0.0089,0.0069
22,4,0.005,0.0049,0.0042,0.0082,0.002,0.0089,0.0026,0.0061
22,5,0.0068,0.0016,0.0045,0.0097,0.0017,0.0029,0.0068,0.0042
22,6,0.001,0,0.0009,0.008,0.0033,0.0012,0.0083,0.001
22,7,0.0013,0.0023,0.0052,0.0033,0.0087,0.0042,0.0001,0.0038
22,8,0.0091,0.0043,0.002,0.001,0.0032,0.0046,0.0071,0.0001
22,9,0.006,0.0016,0.0096,0.0076,0.0043,0.0063,0.0019,0.0053
22,10,0.0064,0.0028,0.0033,0.0095,0.0039,0.0017,0.0007,0.0052
22,11,0.00401771,0.00591767,0.00831661,0.00291316,0.000110665,0.00850696,0.00648211,0.00901762
22,12,0.00822501,0.0135962,0.00529301,0.0101001,0.00612952,0.00908077,0.000428532,0.014193
22,13,0.0269533,0.0240092,0.0243144,0.0189547,0.0126442,0.0146191,-0.0106623,0.0266589
22,14,0.0343606,0.0348439,0.0399046,0.0335002,0.0223469,0.0198151,-0.033394,0.0402569
22,15,0.0595671,0.0633454,0.062951,0.0517467,0.0385702,0.0256568,-0.051495,0.0645734
22,16,0.0939037,0.0925379,0.0919029,0.0844872,0.0525718,0.0343787,-0.0760181,0.097637
22,17,0.153702,0.150292,0.144832,0.136319,0.092553,0.0624678,-0.105213,0.14961
22,18,0.241822,0.244404,0.234448,0.209305,0.162788,0.123708,-0.12971,0.246454
22,19,0.36684,0.36442,0.340674,0.306299,0.260662,0.202675,-0.132891,0.365185
22,20,0.478398,0.47824,0.439211,0.398324,0.344839,0.273433,-0.14209,0.477556
22,21,0.583777,0.587691,0.533953,0.476735,0.433032,0.355305,-0.110553,0.584194
22,22,0.689065,0.686839,0.608697,0.541348,0.540976,0.463142,0.00660559,0.687623
22,23,0.788612,0.786798,0.661704,0.58291,0.667068,0.603952,0.231162,0.787566
22,24,0.888111,0.887559,0.690425,0.591806,0.81584,0.776719,0.555015,0.888415
22,25,0.968727,0.968974,0.691027,0.56782,0.944711,0.932058,0.858659,0.968695
22,26,0.998298,0.998304,0.675197,0.535837,0.99606,0.994854,0.988035,0.9983
22,27,0.999998,0.999998,0.657205,0.510607,0.999959,0.999938,0.999821,0.999998
22,28,1,1,0.62857,0.45715,1,1,1,1
22,29,1,1,0.600001,0.599993,1,1,1,1
23,0,0.0094,0.0094,0.0073,0.0057,0.0097,0.0039,0.0018,0.0009
23,1,0.0064,0.0053,0.0079,0.0073,0,0.0096,0.0047,0.0058
23,2,0.0047,0.0083,0.0009,0.0013,0.0054,0.0048,0.0089,0.0014
23,3,0.0094,0.0077,0.0095,0.0085,0.0088,0.0078,0.0028,0.0083
23,4,0.0073,0.0002,0.0041,0.007,0.0039,0.0057,0.0077,0.0003
23,5,0.0011,0.0057,0.0076,0.0009,0.0052,0.0022,0.0067,0.0098
23,6,0.0007,0.0074,0.0012,0.0059,0.0021,0.0002,0.0073,0.0016
23,7,0.0079,0.0068,0.0001,0.0066,0.0047,0.0027,0.0051,0.0019
23,8,0.0027,0.009,0.0087,0.0067,0.0047,0.0066,0.007,0.0056
23,9,0.0022,0.0045,0.0064,0.0073,0.0067,0.0032,0.0072,0.0072
23,10,0.0006,0.0084,0.0031,0.0025,0.0084,0.0005,0.004,0.0063
23,11,0.00731078,0.00411081,0.0030102,0.00190804,0.00660644,0.00790426,0.0038891,0.00931076
23,12,0.0110789,0.00669658,0.0098978,0.00486737,0.0114241,0.00450327,0.00326334,0.00550139
23,13,0.0213917,0.0177435,0.0222419,0.0161955,0.0148333,0.010877,-0.0127149,0.0213917
23,14,0.0288826,0.0288826,0.0239371,0.0240389,0.0189776,0.0123326,-0.0156171,0.0267367
23,15,0.0471718,0.0416009,0.0421097,0.0383198,0.0228484,0.0211183,-0.0356457,0.0464995
23,16,0.0621133,0.0618318,0.0683236,0.0624509,0.0388711,0.0284326,-0.0565634,0.0623009
23,17,0.100207,0.108576,0.101347,0.093849,0.0671864,0.0480473,-0.0704026,0.100027
23,18,0.164871,0.16813,0.157849,0.144328,0.118803,0.0859243,-0.0724695,0.169718
23,19,0.256794,0.254929,0.234762,0.213344,0.191654,0.152707,-0.0626441,0.260749
23,20,0.339381,0.336326,0.311575,0.279252,0.256104,0.207522,-0.0474791,0.340576
23,21,0.433556,0.430067,0.383071,0.343009,0.339167,0.289414,-0.00318889,0.43367
23,22,0.532193,0.534257,0.457731,0.404348,0.441706,0.389557,0.104918,0.532333
23,23,0.650764,0.652447,0.530705,0.462323,0.572154,0.532978,0.290622,0.652376
23,24,0.788166,0.786477,0.597667,0.509153,0.735484,0.709645,0.554176,0.78637
23,25,0.916392,0.916299,0.647273,0.533416,0.895069,0.883609,0.820281,0.916409
23,26,0.985984,0.985901,0.662493,0.53057,0.981876,0.979781,0.967419,0.985991
23,27,0.99919,0.999191,0.648896,0.512701,0.99882,0.99862,0.997499,0.99919
23,28,0.999937,0.999937,0.629459,0.508356,0.999889,0.999864,0.999721,0.999937
23,29,0.999882,0.999882,0.617248,0.55548,0.999843,0.999822,0.999703,0.999882
24,0,0.0066,0.0087,0.0013,0.0016,0.0065,0.0023,0.0004,0.0031
24,1,0.0011,0.0024,0.0032,0.0087,0.007,0.0019,0.0062,0.0031
24,2,0.007,0.0098,0.0008,0.0074,0.0069,0.0092,0.0063,0.0013
24,3,0.0038,0.0031,0.0013,0.0088,0.007,0.0001,0.0024,0.0035
24,4,0.0086,0.0037,0.0051,0.0053,0.006,0.0054,0.0084,0.0069
24,5,0.0078,0.0015,0.0058,0.0047,0.0032,0.0019,0.0078,0.0002
24,6,0.0018,0.0084,0.0076,0.0087,0.0077,0.004,0.0098,0.0014
24,7,0.0069,0.001,0.0001,0.004,0.0009,0.0025,0.0076,0.0096
24,8,0.0062,0.0028,0.005,0.0021,0.0082,0.0033,0.0091,0.0059
24,9,0.0047,0.005,0.0007,0.0079,0.0067,0.0083,0.0079,0.0086
24,10,0.0069,0.0056,0.0072,0.0045,0.0097,0.0072,0.0058,0.0067
24,11,0.00800618,0.00590619,0.000705866,0.00900457,0.00830368,0.00830244,0.00869372,0.0046062
24,12,0.00390006,0.00669193,0.00954896,0.0113724,0.00859012,0.0068811,0.00218223,0.00459803
24,13,0.0108789,0.015828,0.0194755,0.0161079,0.00989954,0.0111553,-0.00414819,0.0110769
24,14,0.0207826,0.0209791,0.0222165,0.0179999,0.0106425,0.00705616,-0.0083054,0.0259897
24,15,0.033715,0.0273918,0.0338621,0.0284429,0.0238587,0.0155507,-0.0178583,0.0363416
24,16,0.0410878,0.047129,0.0480411,0.0423478,0.0260048,0.0183189,-0.0303732,0.0436769
24,17,0.0735252,0.07259,0.0631244,0.0599348,0.0460164,0.0333664,-0.0447565,0.0735252
24,18,0.116059,0.115969,0.103031,0.0906643,0.0747305,0.0584661,-0.0385724,0.113917
24,19,0.171717,0.175368,0.156174,0.138681,0.129847,0.106815,-0.0184686,0.172297
24,20,0.234275,0.234507,0.210706,0.181882,0.178193,0.156196,-0.00704746,0.228949
24,21,0.303379,0.300644,0.262407,0.232636,0.247774,0.217479,0.0362105,0.304712
24,22,0.390838,0.388504,0.327759,0.289396,0.331905,0.302563,0.124329,0.390654
24,23,0.499129,0.50119,0.399386,0.346521,0.451307,0.42396,0.26905,0.50114
24,24,0.639916,0.640713,0.480879,0.409949,0.602989,0.581361,0.471553,0.63901
24,25,0.791971,0.792054,0.56212,0.467,0.77111,0.761507,0.697345,0.791407
24,26,0.912662,0.912417,0.619903,0.506176,0.904867,0.900354,0.875958,0.91247
24,27,0.970274,0.970354,0.638998,0.519169,0.967745,0.966503,0.958997,0.970479
24,28,0.985966,0.986004,0.635544,0.5268,0.985012,0.984488,0.981503,0.985922
24,29,0.982768,0.982772,0.628251,0.540514,0.982097,0.981608,0.979216,0.982799
25,0,0.0056,0.0034,0.0016,0.003,0.0081,0.0084,0.0039,0.0004
25,1,0.0035,0.0009,0.0018,0.0062,0.0065,0.0008,0.0052,0.0006
25,2,0.0075,0.0025,0.0014,0.0049,0.0092,0.0057,0.0059,0
25,3,0.0067,0.0095,0.0035,0.0064,0.0049,0.0078,0.009,0.0004
25,4,0.0012,0.0007,0.0034,0.0093,0.0089,0.0071,0.0095,0.0023
25,5,0.0078,0.0012,0.0085,0.0045,0.002,0.0038,0.0049,0.0095
25,6,0.0063,0.0063,0.0043,0.0055,0.0021,0.0002,0.0055,0.0087
25,7,0.0097,0.0088,0.0052,0.0047,0.0066,0.0041,0.0049,0.0078
25,8,0.0046,0.0081,0.007,0.0034,0.0054,0.0064,0.0058,0.0031
25,9,0.0076,0.0042,0.0076,0.0094,0.0079,0.0026,0.0091,0.0041
25,10,0.0087,0.0033,0.0096,0.001,0.0035,0.005,0.0095,0.0034
25,11,0.00400337,0.00480337,0.00790316,0.000502511,0.008702,0.00300134,0.00829659,0.00340337
25,12,0.00323844,0.00742986,0.00873258,0.00800291,0.00289887,0.00326686,0.00753952,0.0113219
25,13,0.0139624,0.0142602,0.015729,0.0107931,0.013863,0.010242,0.00142583,0.0155509
25,14,0.0134757,0.0203903,0.0209136,0.0152872,0.0103425,0.0129074,-0.00428903,0.0193037
25,15,0.0218181,0.0241745,0.0251906,0.017947,0.0193614,0.0120982,-0.0127854,0.0183818
25,16,0.0271459,0.0282173,0.0317118,0.0252413,0.0195683,0.0152382,-0.0239316,0.0274381
25,17,0.042919,0.0403256,0.0441782,0.0375162,0.0324757,0.0205769,-0.030608,0.0488744
25,18,0.0688391,0.066784,0.0656365,0.0603556,0.0455225,0.0372388,-0.0260021,0.0691194
25,19,0.114488,0.107698,0.100011,0.0909446,0.0873508,0.0688589,-0.00564364,0.113952
25,20,0.147442,0.148554,0.126442,0.118125,0.114958,0.100302,0.0104101,0.148298
25,21,0.196208,0.197822,0.169213,0.145338,0.159893,0.148901,0.0370692,0.196128
25,22,0.25781,0.262637,0.209072,0.182379,0.222819,0.207147,0.0990792,0.2639
25,23,0.347321,0.344041,0.271334,0.23099,0.313032,0.298322,0.195612,0.347321
25,24,0.46356,0.459011,0.341204,0.287958,0.434806,0.420491,0.340684,0.462802
25,25,0.598181,0.595707,0.422121,0.356496,0.577507,0.568226,0.512031,0.595748
25,26,0.72623,0.72708,0.499211,0.412625,0.717328,0.711567,0.678579,0.726696
25,27,0.820548,0.820295,0.549808,0.45578,0.813402,0.810911,0.792317,0.819265
25,28,0.860728,0.86091,0.568099,0.476223,0.8564,0.855264,0.844408,0.86126
25,29,0.85174,0.85171,0.560552,0.475657,0.847972,0.84658,0.838214,0.850813
26,0,0.0065,0.0078,0.0031,0.0038,0.0053,0.0025,0.0062,0.0027
26,1,0.0083,0.0005,0.0014,0.009,0.0048,0.0049,0.0091,0.0004
26,2,0.0019,0.0098,0.0001,0.0022,0.0059,0.008,0.0015,0.0047
26,3,0.0069,0.0006,0.006,0.0089,0.0034,0.0003,0.0015,0.0097
26,4,0.0081,0.0047,0.0036,0.0035,0.007,0.0096,0.0062,0.0055
26,5,0.0001,0.0074,0.0044,0.0047,0.0024,0.0037,0.0051,0.0043
26,6,0.0036,0.0051,0.0064,0.0093,0.003,0.0079,0.0041,0
26,7,0.0083,0.0001,0.0088,0.0018,0.0004,0.0004,0.0014,0.0083
26,8,0.0051,0.0049,0.0019,0.0021,0.0046,0.008,0.0076,0.0045
26,9,0.0053,0.0019,0.0093,0.0078,0.0054,0.0043,0.0022,0.0089
26,10,0.0092,0.0084,0.0083,0.0024,0.0065,0.0024,0.0022,0.0047
26,11,0.00230175,0.00110175,0.00640164,0.0027013,0.00140105,0.00780069,0.00109824,0.00630174
26,12,0.00419517,0.00419517,0.00972262,0.00839767,0.00152324,0.00642091,0.000298535,0.00749055
26,13,0.0128503,0.00608424,0.00862054,0.00749774,0.00813249,0.00749715,-0.0028007,0.00956677
26,14,0.0122282,0.00855731,0.0145727,0.00759866,0.00738066,0.0119436,-0.00240606,0.0130219
26,15,0.0115717,0.0132525,0.0185512,0.0112413,0.00645782,0.0123986,-0.00346414,0.0138458
26,16,0.0170357,0.0218585,0.0248332,0.0155106,0.0110904,0.00701681,-0.0078822,0.0254017
26,17,0.0247118,0.0239296,0.0246262,0.0269848,0.020481,0.0135755,-0.0180578,0.0242229
26,18,0.043134,0.0465029,0.0369718,0.0387083,0.0338828,0.0271902,-0.0140242,0.0459254
26,19,0.0627681,0.0642681,0.054243,0.0475288,0.0481981,0.0474202,-0.00362056,0.0640806
26,20,0.0891654,0.0874274,0.0751284,0.0685713,0.071422,0.0601062,0.0102534,0.0910864
26,21,0.118527,0.12401,0.0980003,0.0824333,0.100686,0.0920545,0.0286327,0.116317
26,22,0.162495,0.161905,0.131536,0.10999,0.140652,0.129903,0.0677302,0.160557
26,23,0.218872,0.217616,0.16488,0.141997,0.197114,0.190769,0.132438,0.219422
26,24,0.297734,0.29228,0.213089,0.179741,0.276873,0.272135,0.220929,0.29568
26,25,0.390408,0.387521,0.274661,0.227419,0.378423,0.371014,0.326583,0.389118
26,26,0.48572,0.484893,0.331395,0.279179,0.477136,0.470537,0.43973,0.484325
26,27,0.56569,0.564991,0.382124,0.318909,0.55665,0.554271,0.533419,0.562847
26,28,0.604739,0.605176,0.402914,0.339254,0.599796,0.595958,0.581773,0.603626
26,29,0.595553,0.597584,0.396349,0.334747,0.593573,0.591414,0.580739,0.594862
27,0,0.0012,0.0001,0.0009,0.0073,0.0036,0.0025,0.0087,0.0008
27,1,0.008,0.0059,0.0093,0.0097,0.0004,0.0038,0.0004,0.0058
27,2,0.0006,0.0034,0.0037,0.0055,0.0051,0.0072,0.0082,0.0098
27,3,0.0071,0.0035,0.0042,0.0058,0.0018,0.0041,0.0087,0.0028
27,4,0.0042,0.0096,0.0002,0.0078,0.002,0.0087,0.0084,0
27,5,0.0048,0.0077,0.0097,0.0052,0.0016,0.0002,0.0009,0.0022
27,6,0.0034,0.0047,0.0077,0.0085,0.0018,0.006,0.0082,0.0087
27,7,0.0094,0.0025,0.0047,0.0011,0.0065,0.0033,0.0039,0.0008
27,8,0.003,0.0039,0.0085,0.0049,0.0027,0.0068,0.0049,0.0075
27,9,0.0046,0.0047,0.0027,0.0061,0.0049,0.0034,0.0083,0.0081
27,10,0.0081,0.006,0.0065,0.0098,0.0019,0.0048,0.0086,0.0012
27,11,0.00720087,0.00320087,0.00230082,0.00380065,0.00650052,0.00600034,0.00459912,0.00940087
27,12,0.000939065,0.00393625,0.00529155,0.0035412,0.000553165,0.00964634,-0.000739253,0.00533493
27,13,0.00690562,0.00550956,0.00332301,0.0111763,0.00780433,0.00976506,0.00416311,0.00700534
27,14,0.00896467,0.00747079,0.00803443,0.0100569,0.0105174,0.00412303,0.00378305,0.00936303
27,15,0.011652,0.0058856,0.0146454,0.0073259,0.00949328,0.00570796,-0.00389717,0.0119503
27,16,0.0144219,0.0142234,0.0164461,0.0132634,0.0100422,0.0118205,-0.00708086,0.0174971
27,17,0.0124036,0.0120079,0.0185659,0.0167681,0.00639725,0.00894878,-0.00847676,0.0155693
27,18,0.0270136,0.0244619,0.0181836,0.0208092,0.0211155,0.0189255,-0.00653342,0.0230879
27,19,0.0421923,0.0341662,0.0338776,0.0290314,0.0306412,0.0305491,0.00157653,0.034553
27,20,0.0504222,0.0466052,0.0442676,0.0318083,0.0467993,0.0412499,0.00680282,0.0473686
27,21,0.0634558,0.0711362,0.057785,0.0419303,0.0573752,0.0504426,0.0253301,0.0653291
27,22,0.0944391,0.0941655,0.0736946,0.0605474,0.0841733,0.0741779,0.0434876,0.0931622
27,23,0.123966,0.12818,0.089598,0.0797006,0.117843,0.110883,0.0860669,0.122561
27,24,0.17076,0.172592,0.11824,0.100909,0.163074,0.155083,0.132587,0.171593
27,25,0.229213,0.226102,0.156892,0.127957,0.219798,0.211858,0.192209,0.22478
27,26,0.285233,0.282209,0.19542,0.158594,0.276988,0.277823,0.259901,0.284297
27,27,0.332214,0.328518,0.22103,0.182538,0.326344,0.322386,0.309324,0.333625
27,28,0.358754,0.35591,0.235727,0.196855,0.353047,0.353602,0.343504,0.355845
27,29,0.350648,0.351299,0.233952,0.198501,0.349179,0.345233,0.338633,0.350062
28,0,0.0034,0.0015,0.0055,0.0073,0.0007,0.0048,0.0036,0.0069
28,1,0.0053,0.0066,0.0089,0.0094,0.008,0.0017,0.0078,0.006
28,2,0.0051,0.0001,0.0091,0.0094,0.008,0.0075,0.0028,0.0009
28,3,0.0013,0.0087,0,0.0057,0.0089,0.0023,0.0075,0.0024
28,4,0.0036,0.0029,0.0097,0.0043,0.0075,0.0032,0.0012,0.003
28,5,0.0096,0.0002,0.0025,0.0078,0.0017,0.0002,0.0039,0.0068
28,6,0.0003,0.0031,0.0062,0.0083,0.0005,0.009,0.009,0.0016
28,7,0.0078,0.009,0.0072,0.0068,0.0013,0.0048,0.009,0.0047
28,8,0.0075,0.0087,0.0091,0.0052,0.002,0.0002,0.0082,0.0016
28,9,0.0004,0.0008,0.0094,0.002,0.0008,0.0032,0.0086,0.0011
28,10,0.0061,0.0049,0.0094,0.0064,0.0041,0.0083,0.0081,0.0018
28,11,0.0073,0.0054,0.0085,0.0086,0.0001,0.0076,0.0034,0.0076
28,12,0.0064,0.0024,0.0029,0.0083,0.0026,0.001,0,0.0029
28,13,0.0016,0.0092,0.0049,0.0024,0.0023,0.0036,0.0035,0.0084
28,14,0.0084,0.0028,0.0049,0.0024,0.0013,0.0029,0.0042,0.0086
28,15,0.0083,0.0026,0.0071,0.0082,0.0002,0.0004,0.006,0.0064
28,16,0.0027,0.0087,0.0048,0.0053,0.0098,0.0046,0.008,0.0015
28,17,0.00375419,0.00285423,0.00403708,0.0060292,0.00655403,0.00735399,0.00435415,0.00485413
28,18,0.00348481,0.0122568,0.00924979,0.00295726,0.00527907,0.00448162,0.0129545,0.00358449
28,19,0.0139321,0.0170995,0.0149779,0.00936539,0.0174955,0.0146249,0.0106656,0.0103687
28,20,0.019541,0.0213118,0.0159168,0.0116572,0.0256406,0.0194426,0.0205248,0.0194426
28,21,0.0314642,0.0334134,0.0254998,0.0160416,0.0309769,0.0289303,0.0326337,0.0310744
28,22,0.0415871,0.0434128,0.0322721,0.0250898,0.0444698,0.045719,0.0437972,0.0481213
28,23,0.0621447,0.0614856,0.0413997,0.0322358,0.0657229,0.0620506,0.0596965,0.059414
28,24,0.0919195,0.0898121,0.0582566,0.052388,0.083765,0.091553,0.0854142,0.0892624
28,25,0.120035,0.114985,0.0817916,0.0629284,0.118175,0.119238,0.121276,0.120478
28,26,0.145718,0.14982,0.0959588,0.0826734,0.147256,0.151017,0.150162,0.150504
28,27,0.171517,0.178974,0.117132,0.0979023,0.173837,0.178477,0.178642,0.173008
28,28,0.190146,0.188192,0.120573,0.103665,0.187052,0.187785,0.186889,0.192506
28,29,0.187536,0.19259,0.119849,0.105831,0.189411,0.19202,0.188922,0.189655
29,0,0.0043,0.0068,0.0023,0.0065,0.0036,0.0079,0.0027,0.0035
29,1,0.0069,0.0098,0.0012,0.0098,0.0084,0,0.0016,0.0037
29,2,0.0026,0.002,0.0086,0.0041,0.0041,0.0098,0.0023,0.0075
29,3,0.0095,0.0027,0.0053,0.0051,0.0017,0.0005,0.0013,0.0059
29,4,0.0074,0.0034,0.0025,0.0009,0.0014,0.005,0.0043,0.0081
29,5,0.0048,0.0055,0.0078,0.0033,0.0053,0.0094,0.0069,0.0079
29,6,0.0016,0.0056,0.0019,0.0057,0.0053,0.004,0.0032,0.0047
29,7,0.0068,0.0085,0,0.0085,0.0089,0.0011,0.0045,0.0064
29,8,0.0045,0.0068,0.0071,0.0058,0.0018,0.0015,0.004,0.0066
29,9,0.0068,0.002,0,0.0022,0.0013,0.0067,0.0003,0.0029
29,10,0.0024,0.0022,0.0085,0.0075,0.0063,0.0016,0.0024,0.0032
29,11,0,0.0022,0.0016,0.0089,0.0033,0.006,0.0052,0.0076
29,12,0.0029,0.0025,0.0035,0.0045,0.0038,0.0074,0.0012,0.0008
29,13,0.0094,0.0011,0.003,0.0008,0.0078,0.0031,0.0036,0.0004
29,14,0.0054,0.002,0.0077,0.0016,0.0034,0,0.0046,0.0034
29,15,0.0022,0.006,0.0023,0.0053,0.0021,0.0075,0.0031,0.0049
29,16,0.0098,0.0066,0.0094,0.0036,0.0039,0.0008,0.0044,0.0034
29,17,0.00173335,0.00723317,0.00412277,0.00951782,0.000533389,0.00753316,3.34058e-05,0.00573322
29,18,0.0112296,0.00953292,0.00855022,0.00374516,0.00953292,0.00374422,0.00793604,0.00194773
29,19,0.0137829,0.014081,0.00893685,0.00325657,0.0115961,0.0141804,0.0108009,0.0114967
29,20,0.0142354,0.0137402,0.0150961,0.0135838,0.0143345,0.0128487,0.011561,0.0160184
29,21,0.0154272,0.020551,0.0156004,0.00895355,0.0179891,0.0206496,0.0215364,0.0173979
29,22,0.0257786,0.0261698,0.0194368,0.0131367,0.0279301,0.0233338,0.0234316,0.0258764
29,23,0.0414008,0.0384974,0.0243388,0.0219415,0.0367554,0.0405298,0.0327874,0.0412072
29,24,0.0478877,0.0542854,0.0364754,0.0309743,0.0480786,0.0544763,0.049129,0.0488425
29,25,0.0653901,0.0605963,0.0431666,0.0401616,0.0661421,0.0620062,0.0617242,0.0603143
29,26,0.0809094,0.0817418,0.0496319,0.0416489,0.0830367,0.0779497,0.0806319,0.0824818
29,27,0.0960582,0.0962407,0.0589335,0.0499241,0.0949632,0.0908569,0.0904006,0.0885756
29,28,0.097435,0.095352,0.0680199,0.0560375,0.0950803,0.0969822,0.0947181,0.100333
29,29,0.0969449,0.0989382,0.0651492,0.0587962,0.100841,0.100931,0.0940455,0.0974885
