x,y,motor1,motor2,sensor1,sensor2,sensor3,sensor4,sensor5,sensor6
0,0,2.14848,2.14345,0.161424,0.15209,0.270031,0.432336,0.235413,0.230865
0,1,4.81449,4.8142,0.357138,0.324715,0.597624,0.962285,0.532147,0.520996
0,2,8.94276,8.95169,0.660584,0.600403,1.10625,1.78944,0.986156,0.961867
0,3,15.5109,15.5064,1.13957,1.03459,1.91811,3.10255,1.70747,1.6613
0,4,26.205,26.2079,1.92979,1.75511,3.23878,5.31097,3.11638,3.04672
0,5,45.46,45.458,3.3844,3.11098,5.62785,9.20175,10.5202,5.45968
0,6,72.3559,72.3552,5.43054,5.00281,8.9905,14.6666,21.186,8.95989
0,7,101.021,101.022,7.57979,6.97495,12.5462,20.4189,28.6677,12.3494
0,8,125.417,125.418,9.38638,8.63503,15.5415,25.2492,34.3123,14.8553
0,9,139.428,139.428,10.4355,9.61255,17.2364,27.9792,40.1697,16.0564
0,10,144.55,144.55,10.9022,10.1106,17.8487,28.9742,54.7346,16.5775
0,11,145.848,145.848,11.2632,10.6419,18.0064,29.2698,94.215,17.1358
0,12,147.221,147.221,11.8035,11.503,18.0438,29.4054,165.972,17.7064
0,13,149.31,149.31,12.2467,12.2634,17.743,28.9762,232.125,17.868
0,14,149.982,149.982,12.4231,12.7455,16.8481,27.5039,253.805,19.2295
0,15,150,150,12.9996,13.9991,16.0003,26.0005,255,21.9988
0,16,149.997,149.997,12.7526,13.0612,17.3977,28.4135,254.859,19.475
0,17,149.843,149.843,13.3142,13.3405,19.2745,31.53,254.089,19.8916
0,18,147.696,147.696,13.4388,13.3441,19.9527,32.6389,249.515,24.6626
0,19,138.179,138.179,12.6907,12.5315,19.0957,31.2354,232.185,32.2405
0,20,118.676,118.676,10.9097,10.7215,16.5212,27.04,198.364,38.2621
0,21,93.2889,93.2909,8.54901,8.36408,12.9721,21.2614,156.482,39.6464
0,22,68.8636,68.8654,6.27022,6.10902,9.51695,15.6227,115.766,36.4548
0,23,48.705,48.7046,4.40655,4.26733,6.67845,10.9851,82.2017,30.6575
0,24,33.4942,33.4956,3.01153,2.90589,4.56246,7.50977,56.7496,24.0851
0,25,22.4327,22.4369,2.00344,1.92743,3.03534,4.9546,38.1343,17.7386
0,26,12.5658,12.5661,1.11881,1.06146,1.69492,2.77801,21.3598,12.1551
0,27,4.92446,4.92291,0.429802,0.404901,0.645105,1.0546,8.35885,7.30131
0,28,2.37476,2.37988,0.199087,0.176448,0.295148,0.479589,4.0341,4.03967
0,29,1.14088,1.14296,0.0894353,0.090244,0.132924,0.225896,1.94044,1.94431
1,0,2.4121,2.41348,0.180561,0.165398,0.301788,0.484451,0.269066,0.259718
1,1,5.49165,5.48905,0.403317,0.367247,0.67599,1.09612,0.601507,0.587518
1,2,10.3198,10.4226,0.766915,0.697009,1.29111,2.08236,1.14258,1.19461
1,3,18.2059,18.336,1.35294,1.22861,2.25894,3.66217,2.01434,2.06719
1,4,31.51,31.6694,2.32611,2.11947,3.90779,6.47855,4.03383,4.06059
1,5,55.2212,55.3918,4.11934,3.8411,6.85927,11.274,12.6567,7.26278
1,6,87.6657,87.8093,6.56941,6.09517,10.9105,17.8411,23.6708,11.4554
1,7,119.979,120.062,8.95357,8.24761,14.8974,24.2589,28.6833,14.776
1,8,141.63,141.652,10.503,9.62206,17.5321,28.4737,28.2608,16.1548
1,9,148.724,148.728,10.9861,10.041,18.3533,29.772,26.4771,16.2196
1,10,149.714,149.715,11.0846,10.1549,18.4166,29.858,31.7388,16.1877
1,11,149.616,149.617,11.2839,10.4943,18.4133,29.8848,63.6372,16.477
1,12,149.541,149.542,11.7831,11.3541,18.4022,29.9653,147.489,16.9097
1,13,149.916,149.916,12.102,11.9741,18.1403,29.6411,231.228,16.1465
1,14,150,150,11.7918,11.5292,17.6637,28.9341,254.12,15.5119
1,15,150,150,11.0007,10.0015,17.0006,28.0008,255,16.9983
1,16,150,150,13.4398,13.2427,20.0064,32.7906,254.967,17.0797
1,17,149.997,149.997,14.3737,14.3188,21.3405,34.9398,254.769,19.7964
1,18,149.662,149.661,14.3882,14.3029,21.6181,35.3428,253.638,27.4965
1,19,145.868,145.857,13.9745,13.8287,21.2071,34.654,246.233,39.8454
1,20,133.105,133.055,12.5783,12.3926,19.1575,31.342,223.633,52.5456
1,21,111.278,111.166,10.3429,10.1582,15.753,25.8338,187.364,59.3612
1,22,86.5726,86.4087,7.91608,7.7585,12.0489,19.8154,145.939,57.7165
1,23,63.9111,63.6706,5.76685,5.64598,8.75713,14.4544,108.022,50.0347
1,24,45.3587,45.1273,4.04742,3.9627,6.14833,10.1697,76.9036,39.848
1,25,30.9247,30.711,2.7432,2.68711,4.15205,6.78983,52.5701,29.2855
1,26,17.9909,17.816,1.59288,1.49215,2.41541,3.94168,30.5808,19.9531
1,27,7.77958,7.63657,0.674011,0.61895,1.0041,1.64506,13.2264,11.9388
1,28,3.73537,3.62934,0.308494,0.286337,0.458152,0.750873,6.34903,6.35376
1,29,1.76504,1.76702,0.137256,0.133582,0.208823,0.339305,2.99874,3.00328
2,0,2.10687,3.01669,0.224899,0.202654,0.372328,0.595899,0.342633,1.05458
2,1,5.26923,6.52349,0.480253,0.436098,0.7966,1.28756,0.724142,1.6994
2,2,10.3636,12.1782,0.896126,0.812037,1.49145,2.4053,1.3513,2.74731
2,3,18.8775,21.1997,1.56193,1.41675,2.59662,4.19986,2.34018,4.11533
2,4,33.7742,36.532,2.69559,2.50963,4.50259,7.56347,4.79549,7.00068
2,5,60.5807,63.4359,4.72936,4.8971,7.86136,13.0721,14.5686,11.1907
2,6,96.5585,98.9106,7.39936,7.2965,12.3021,20.2242,25.3717,15.3047
2,7,130.249,131.503,9.77282,9.2418,16.3358,26.6391,27.3471,17.0996
2,8,147.595,147.868,10.8944,9.99927,18.3807,29.8739,22.1044,16.5018
2,9,149.945,149.965,11.0071,10.018,18.6361,30.2745,18.2645,16.0421
2,10,149.995,150,11.0097,10.0181,18.3455,29.6926,17.7899,16.0036
2,11,149.96,149.986,11.102,10.1862,18.3791,29.7697,33.2194,16.0907
2,12,149.841,149.916,11.5982,11.0627,18.5906,30.2306,113.836,16.5425
2,13,149.948,149.977,12.058,11.8787,18.7341,30.5928,218.673,14.9491
2,14,149.999,150,11.7466,11.5673,18.8693,30.8612,253.177,10.529
2,15,150,150,11.0013,11.0011,19.0008,31.0015,255,4.00634
2,16,150,150,16.9983,16.9982,24.9982,40.997,255,19.996
2,17,149.999,150,15.6495,15.6079,23.5121,38.4916,254.885,22.3458
2,18,149.942,149.945,15.5605,15.5302,23.879,38.9557,254.432,37.7097
2,19,148.706,148.689,15.1786,15.2,23.4216,38.1875,251.74,53.2713
2,20,141.881,141.634,13.8803,14.0576,21.3424,34.8817,239.27,72.2753
2,21,126.053,125.351,11.849,12.2307,18.1371,29.7816,212.777,86.7794
2,22,104.367,103.182,9.52487,10.0401,14.5364,24.0004,176.173,88.2682
2,23,81.385,79.8165,7.28243,7.83458,11.091,18.4065,137.551,78.6405
2,24,60.186,58.5037,5.31846,5.83702,8.09111,13.4953,101.916,63.4005
2,25,42.0609,40.4584,3.68612,4.09133,5.60505,9.20312,71.4347,46.6437
2,26,25.3325,23.9058,2.20884,2.06743,3.35349,5.47746,43.0692,31.4499
2,27,12.0251,10.8215,1.02742,0.947386,1.54237,2.51102,20.4337,18.9659
2,28,6.01512,5.16684,0.488108,0.454891,0.73733,1.21522,10.2292,10.2227
2,29,2.88598,2.43691,0.219517,0.212225,0.342264,0.557506,4.90319,4.90368
3,0,1.91228,3.23468,0.237755,0.215358,0.395835,0.629803,0.363167,1.40123
3,1,5.04161,6.90323,0.509894,0.461112,0.837532,1.35515,0.769356,2.22441
3,2,10.1156,12.8482,0.943949,0.86161,1.56207,2.52976,1.43183,3.55425
3,3,18.7972,22.3611,1.65081,1.60825,2.74425,4.52355,2.47007,5.41198
3,4,34.3159,38.6472,2.87577,2.82221,4.79099,8.61513,5.61424,9.42783
3,5,62.017,66.5913,4.99565,5.48127,8.29147,14.4811,16.2273,14.3939
3,6,98.8693,102.688,7.71049,7.8777,12.821,21.6798,27.1973,18.4315
3,7,132.776,134.738,10.0184,9.59797,16.7822,27.6892,27.4965,18.7699
3,8,148.833,149.087,10.9611,10.0342,18.6474,30.3829,19.9216,16.4949
3,9,150,150,11,10,18.9998,30.9995,17.9993,16
3,10,150,150,11,10,18.0002,29.0004,15.0007,16
3,11,149.979,149.998,11.0351,10.0667,18.2701,29.5454,21.5056,16.0497
3,12,149.813,149.962,11.5066,10.9185,18.7182,30.4681,88.098,17.2465
3,13,149.873,149.978,12.2162,12.0725,19.2683,31.4915,196.68,16.9732
3,14,149.984,149.999,12.3517,12.272,19.6914,32.1923,246.804,12.9747
3,15,149.999,150,12.7937,12.7283,20.5113,33.5374,254.294,11.6415
3,16,149.999,150,14.984,14.942,22.9552,37.5659,254.786,19.4548
3,17,149.999,150,16.2897,16.2656,25.2704,41.1985,254.806,39.356
3,18,149.992,149.994,17.2395,17.2322,27.3908,44.4854,254.829,60.7186
3,19,149.703,149.687,16.5448,16.561,26.1097,42.481,254.007,70.2452
3,20,146.705,146.359,14.8108,14.9387,22.9973,37.6702,248.173,97.9965
3,21,137.395,136.179,12.8937,13.205,19.7913,32.7331,232.495,124.39
3,22,121.688,119.317,10.9322,11.4037,16.6766,27.8539,205.777,130.846
3,23,101.313,97.8437,8.89521,9.45952,13.5239,22.7949,171.345,119.375
3,24,78.7634,74.6479,6.84041,7.37758,10.3794,17.6136,133.382,97.5082
3,25,56.7035,52.4532,4.89732,5.34799,7.42101,12.24,96.2621,71.9114
3,26,35.614,31.6205,3.069,2.85096,4.63871,7.58274,60.5462,48.5779
3,27,18.3641,14.915,1.54943,1.43181,2.3214,3.79909,31.217,29.5872
3,28,9.55566,6.93337,0.785009,0.717809,1.18017,1.92233,16.2537,16.2494
3,29,4.6804,3.08405,0.364571,0.34764,0.561381,0.910346,7.94433,7.94297
4,0,1.6842,3.55927,0.269343,0.252204,0.441491,0.709768,0.38439,2.17064
4,1,4.66476,7.38377,0.552652,0.513302,0.915655,1.47782,0.793194,3.48847
4,2,9.62085,13.6805,1.03497,0.953904,1.69881,3.04635,1.52401,5.8284
4,3,17.9901,23.4419,1.79501,2.10006,2.9622,5.60964,2.58314,8.97733
4,4,32.8028,39.6487,3.03802,3.47966,5.04222,10.2589,6.18244,14.5677
4,5,59.049,66.6359,5.10981,6.47204,8.46055,16.2683,17.5381,20.8992
4,6,93.8142,100.698,7.69048,8.79381,12.7491,23.1034,29.5635,25.2426
4,7,126.76,131.101,9.86627,10.2164,16.4667,28.314,31.084,24.1396
4,8,145.976,147.264,10.8992,10.3147,18.391,30.354,23.8388,18.9133
4,9,149.751,149.905,11.01,10.0632,18.6483,30.351,18.4673,16.3632
4,10,149.938,149.992,11.0117,10.0378,18.359,29.7371,17.4792,16.1445
4,11,149.765,149.98,11.1097,10.2968,18.4591,30.025,28.6517,17.0198
4,12,149.374,149.937,11.6727,11.5567,19.0032,31.3697,88.5467,21.4012
4,13,149.498,149.958,12.5542,12.977,19.8385,32.8945,179.321,25.1376
4,14,149.823,149.995,13.2056,13.526,20.6959,34.0667,233.236,24.7812
4,15,149.951,150,14.0066,14.1369,21.9373,35.9212,249.79,27.0694
4,16,149.986,150,15.5343,15.5701,24.3336,39.6956,253.716,39.6184
4,17,149.999,150,17.4017,17.3939,27.7698,45.0797,254.862,61.9644
4,18,150,150,18,18,29,47,255,69.9999
4,19,149.939,149.931,17.2718,17.2826,27.5638,44.7773,254.681,79.8699
4,20,148.91,148.605,15.0237,15.0928,23.4003,38.3632,252.359,131.162
4,21,145.094,143.928,13.2276,13.3791,20.2585,33.5385,245.971,171.923
4,22,136.853,134.265,11.8646,12.1425,18.0107,30.0773,231.829,183.08
4,23,122.149,117.662,10.3863,10.8283,15.709,26.4037,206.87,170.645
4,24,100.504,94.1842,8.49728,8.93093,12.8462,21.6618,170.37,142.09
4,25,75.0037,67.6044,6.34738,6.79165,9.58582,15.8055,127.365,105.98
4,26,48.9221,41.4044,4.14304,3.8386,6.25346,10.2311,83.1675,71.7921
4,27,26.8557,20.0932,2.24606,2.06482,3.35831,5.50382,45.655,44.0112
4,28,14.395,9.06838,1.18515,1.08113,1.76523,2.89319,24.472,24.461
4,29,7.22672,3.67413,0.575418,0.532365,0.865595,1.4152,12.2812,12.2843
5,0,1.13746,3.76048,0.284677,0.267818,0.466783,0.747268,0.398488,2.92705
5,1,3.65242,7.55593,0.574788,0.526902,0.93355,1.51472,0.80474,4.69576
5,2,7.87887,13.825,1.05758,0.983128,1.73226,3.21646,1.5415,7.89294
5,3,14.9994,23.2716,1.81734,2.31412,2.97659,5.99304,2.55886,12.2525
5,4,27.8403,38.6777,3.0248,3.79538,4.98782,11.0771,6.66613,19.8462
5,5,50.7777,63.6034,4.97703,7.19127,8.19656,17.1424,18.9073,28.5075
5,6,81.3141,94.4188,7.36982,9.63141,12.1368,23.792,32.9617,35.0802
5,7,111.521,122.312,9.42002,11.2191,15.5904,28.8582,38.4094,35.7119
5,8,134.236,140.822,10.6763,11.5414,17.7804,31.1825,36.2086,30.1956
5,9,144.569,147.886,11.0761,11.1839,18.5143,31.3332,31.726,24.2104
5,10,147.245,149.398,11.1948,11.1792,18.6568,31.285,34.2203,22.7301
5,11,147.383,149.657,11.4715,12.127,18.9273,32.2166,55.9568,26.8622
5,12,147.391,149.765,12.1434,14.0781,19.598,34.1343,110.378,36.3741
5,13,148.193,149.866,13.0485,15.6719,20.556,35.8002,178.137,45.252
5,14,149.141,149.956,13.9249,16.1228,21.6827,36.9525,224.183,50.5306
5,15,149.674,149.988,14.9042,16.2495,23.1945,38.6592,244.68,57.0429
5,16,149.898,149.996,16.1199,16.6941,25.2469,41.4353,252.066,67.3717
5,17,149.973,149.998,17.1559,17.2759,27.1693,44.2263,254.322,76.4328
5,18,149.987,149.995,17.4582,17.4608,27.8275,45.2003,254.769,82.3721
5,19,149.952,149.936,16.3349,16.2798,25.7131,41.9064,254.614,118.374
5,20,149.768,149.578,14.2175,14.0361,21.9091,35.9258,254.223,181.629
5,21,149.05,148.489,12.7974,12.5305,19.3524,31.8759,253.174,219.974
5,22,146.873,145.488,12.1019,11.8652,18.0806,29.8986,249.409,230.691
5,23,139.908,136.492,11.4296,11.3746,17.0659,28.3673,237.469,221.139
5,24,122.932,115.983,10.086,10.2192,15.1289,25.2905,208.652,191.572
5,25,96.013,85.649,7.94524,8.28012,11.9588,19.6979,163.092,146.889
5,26,65.0014,53.0371,5.42127,5.01758,8.15558,13.3617,110.505,100.603
5,27,37.4794,26.0457,3.10837,2.85997,4.64809,7.61792,63.7146,62.1667
5,28,20.5694,11.2323,1.68653,1.54864,2.5286,4.13454,34.9594,34.9597
5,29,10.556,4.00118,0.838615,0.785553,1.26933,2.077,17.9464,17.9455
6,0,0.451349,4.0098,0.309485,0.292654,0.494041,0.791363,0.428407,3.88273
6,1,2.33237,7.78563,0.594279,0.551965,0.965288,1.55509,0.810695,6.30383
6,2,5.55175,14.0719,1.08612,1.02377,1.7661,3.45599,1.57985,10.7337
6,3,11.0067,23.2945,1.86539,2.62679,3.0234,6.57347,2.56645,16.9493
6,4,21.2013,38.0874,3.06568,4.27701,4.99942,12.3261,7.2977,27.6275
6,5,39.724,61.1051,4.91681,8.28363,8.0294,18.7265,20.4264,40.3109
6,6,64.3511,88.7123,7.14727,11.0999,11.665,25.6341,36.6209,51.6474
6,7,89.182,113.524,9.07755,13.2966,14.8477,31.2123,46.8438,57.8217
6,8,111.226,132.096,10.4824,14.5403,17.1966,34.6613,52.8022,57.3747
6,9,126.31,142.493,11.2374,15.1175,18.4774,36.1408,57.2449,53.5873
6,10,134.353,146.873,11.6699,16.0106,19.1436,37.2155,68.0985,53.1636
6,11,138.492,148.538,12.1501,17.9904,19.7473,39.0411,94.5985,59.7552
6,12,141.752,149.236,12.8355,20.6354,20.5344,41.1503,138.932,71.9168
6,13,144.972,149.55,13.642,22.3585,21.4581,42.2092,187.226,84.5969
6,14,147.481,149.719,14.4783,22.2232,22.4818,42.1102,222.558,96.0772
6,15,148.942,149.82,15.3694,20.769,23.651,41.8816,241.746,108.719
6,16,149.616,149.881,16.2242,18.9886,24.781,42.0035,250.236,123.319
6,17,149.867,149.91,16.6884,17.5009,25.351,41.9239,253.361,139.118
6,18,149.946,149.91,16.3295,16.1766,24.7712,40.5757,254.356,160.354
6,19,149.972,149.888,14.8997,14.4259,22.6362,37.034,254.701,195.323
6,20,149.988,149.866,13.1294,12.5931,19.8738,32.5632,254.866,229.85
6,21,149.966,149.847,12.1556,11.6317,17.9236,29.4089,254.921,248.029
6,22,149.888,149.723,11.9475,11.5296,17.226,28.309,254.792,252.844
6,23,148.682,147.609,11.8092,11.3132,17.1977,28.3098,252.692,249.666
6,24,139.937,134.563,11.1822,10.8819,16.5748,27.4575,237.74,230.837
6,25,116.157,103.649,9.42395,9.52399,14.1072,23.2159,197.362,187.06
6,26,82.1604,64.6738,6.76362,6.2444,10.1454,16.6321,139.671,131.798
6,27,49.5291,31.4982,4.08052,3.75399,6.10279,9.99932,84.1972,82.8301
6,28,27.8782,12.6229,2.28381,2.10635,3.42186,5.59955,47.3862,47.3865
6,29,14.6833,3.61639,1.17912,1.10601,1.77628,2.90266,24.9663,24.9641
7,0,-0.310744,4.36941,0.346958,0.321886,0.538166,0.870863,0.457484,5.0644
7,1,0.834616,8.20169,0.639023,0.600157,1.0281,1.64652,0.842401,8.33863
7,2,2.92101,14.7334,1.15767,1.0962,1.8625,3.8435,1.66112,14.4725
7,3,6.49979,24.1952,1.9899,3.08535,3.2039,7.51117,2.65686,23.3956
7,4,13.7731,39.2383,3.2627,5.01686,5.25503,14.2727,8.1502,38.5438
7,5,27.284,61.5654,5.12042,9.83434,8.27411,21.4654,21.9681,57.333
7,6,44.7885,87.3597,7.29347,13.2701,11.7688,29.2269,39.3725,76.2282
7,7,61.9714,109.961,9.17654,16.4135,14.8094,36.0444,52.754,91.4848
7,8,79.1357,127.331,10.6628,19.1039,17.2197,41.4385,64.8158,100.526
7,9,94.9615,138.501,11.6526,21.6083,18.8499,45.4527,77.5454,104.288
7,10,108.849,144.534,12.3543,24.6361,19.9812,48.9704,95.7153,107.742
7,11,120.879,147.435,12.9751,28.6292,20.9146,52.3514,123.42,114.84
7,12,131.247,148.663,13.6083,32.8602,21.7882,54.604,159.579,126.102
7,13,139.417,149.095,14.2587,35.4263,22.6009,54.3309,195.853,139.556
7,14,144.894,149.32,14.9737,34.5347,23.3741,51.4968,223.827,154.679
7,15,147.949,149.519,15.8562,29.981,24.1532,47.5826,241.204,172.69
7,16,149.34,149.702,16.8998,23.7329,24.8337,44.206,250.044,193.711
7,17,149.829,149.832,17.7466,18.6742,25.0777,41.8768,253.549,214.413
7,18,149.958,149.892,17.3422,15.7287,24.2509,39.5113,254.592,229.731
7,19,149.989,149.919,14.9091,13.5356,21.7881,35.5014,254.883,241.274
7,20,150,149.953,12.5369,11.8492,19.035,31.1506,254.978,250.3
7,21,150,149.989,11.8661,11.2881,17.2683,28.2993,254.999,254.404
7,22,150,150,12,11.9995,16.9998,27.9995,255,255
7,23,149.967,149.881,11.8425,11.1669,16.9106,27.7582,254.941,254.759
7,24,147.455,144.634,11.5766,10.9212,17.0276,28.0443,250.626,248.743
7,25,130.583,117.553,10.4255,10.273,15.5711,25.6111,221.916,216.153
7,26,97.0169,73.888,7.90721,7.29373,11.8501,19.4358,164.926,159.027
7,27,60.9698,35.1536,5.00518,4.60349,7.48931,12.2731,103.645,102.505
7,28,35.2213,12.7683,2.89225,2.6659,4.32591,7.09102,59.8708,59.8693
7,29,19.0092,2.45319,1.53306,1.4358,2.30562,3.77277,32.3117,32.3051
8,0,-1.09029,4.84706,0.385237,0.362637,0.606962,0.970551,0.49538,6.40705
8,1,-0.686211,8.88238,0.700001,0.661924,1.11361,1.79272,0.887655,10.7653
8,2,0.253094,15.9857,1.27872,1.21908,2.04634,4.41656,1.79572,19.0777
8,3,1.95911,26.378,2.23565,3.69849,3.552,8.87188,2.8847,31.6093
8,4,6.24302,42.8868,3.66934,6.04083,5.84903,16.9893,9.19224,52.6877
8,5,14.2802,66.2775,5.6585,11.7407,9.05827,25.3765,23.2452,79.6293
8,6,23.3273,92.2207,7.91198,15.8171,12.6245,34.3189,40.0613,108.391
8,7,30.3533,114.105,9.81527,19.7414,15.6372,42.4523,53.0556,134.413
8,8,38.8247,129.957,11.2913,23.558,17.9798,49.5843,65.3792,153.232
8,9,52.0811,139.711,12.3108,27.9718,19.6607,56.3713,79.7249,163.769
8,10,71.9593,144.962,13.1066,33.9704,21.0348,63.7176,100.446,169.461
8,11,95.4149,147.536,13.7942,41.8274,22.2599,70.8274,129.298,174.761
8,12,116.932,148.576,14.368,50.2281,23.2842,74.9501,163.498,182.532
8,13,132.696,148.877,14.8435,56.2093,24.0403,73.4964,196.55,192.941
8,14,142.289,149.095,15.3936,55.7373,24.5951,66.343,223.016,205.383
8,15,147.25,149.381,16.3506,45.9735,25.1501,56.3117,240.973,219.86
8,16,149.339,149.696,18.016,30.3229,25.8975,47.7781,250.83,235.736
8,17,149.921,149.913,20.2766,18.967,26.6824,43.6721,254.365,248.38
8,18,149.993,149.975,21.1943,15.7494,26.568,42.0785,254.925,252.939
8,19,149.998,149.973,16.1331,13.6131,22.8033,36.8872,254.974,253.566
8,20,150,149.991,11.8741,11.7369,19.1738,31.5494,254.998,254.659
8,21,150,149.998,11.4697,10.7973,17.6627,28.7511,255,254.961
8,22,150,150,11.9997,10.0005,16.0006,26.0013,255,255
8,23,149.999,149.981,11.6521,10.4641,16.7918,27.5583,254.999,254.978
8,24,149.269,147.444,11.5495,10.6974,17.1431,28.1972,253.741,253.185
8,25,137.926,123.267,10.8966,10.5847,16.3254,26.8514,234.417,231.071
8,26,107.296,76.4394,8.70369,8.01513,13.0489,21.4103,182.401,177.996
8,27,70.4385,34.3326,5.78389,5.32075,8.64745,14.1774,119.745,118.81
8,28,42.0614,10.3134,3.47112,3.1975,5.18506,8.48559,71.5029,71.4982
8,29,23.3865,-0.106663,1.90429,1.77958,2.85536,4.67194,39.7574,39.7581
9,0,-1.79104,5.40499,0.431292,0.407297,0.673671,1.08101,0.537813,7.82713
9,1,-2.08434,9.78084,0.781743,0.737738,1.2417,1.98821,0.947168,13.3962
9,2,-2.15876,17.7641,1.44539,1.38864,2.29633,5.16663,1.98987,24.2422
9,3,-2.13235,29.7555,2.57084,4.45594,4.06413,10.6185,3.23392,41.1178
9,4,-0.723558,48.8549,4.26335,7.28091,6.74083,20.294,10.3111,69.185
9,5,1.49463,74.9008,6.50133,13.7346,10.324,30.0039,23.9481,105.602
9,6,0.552285,102.596,8.90702,18.077,14.0749,39.7622,38.1183,145.002
9,7,-5.69975,124.558,10.7814,21.7691,16.9691,47.7525,46.6901,180.283
9,8,-10.2456,138.148,12.0165,25.0274,18.8619,54.1015,52.9785,204.317
9,9,-2.45196,144.667,12.8061,29.77,20.1774,61.8186,62.0769,215.848
9,10,25.1268,147.406,13.596,38.6817,21.6659,74.3219,81.1993,219.374
9,11,65.464,148.585,14.4426,52.6137,23.3883,89.7247,112.72,220.808
9,12,102.804,148.99,15.074,69.0899,24.8409,100.277,151.611,224.156
9,13,127.832,149.043,15.349,83.562,25.6905,99.3174,189.241,229.807
9,14,141.132,149.174,15.5287,89.0487,26.0457,86.7225,219.158,236.314
9,15,147.128,149.41,16.2343,75.3134,26.2898,68.3341,239.405,242.917
9,16,149.447,149.736,18.0288,42.4572,26.8997,52.1227,250.974,249.8
9,17,149.978,149.972,20.8544,18.4876,27.8007,45.1412,254.767,254.363
9,18,150,150,24.9975,15.9995,28.0001,43.0015,255,255
9,19,150,149.992,16.7338,13.8437,23.8611,38.7016,254.994,254.902
9,20,150,150,11.0001,11.9998,19.0001,31.9996,255,255
9,21,150,150,11,10.9999,18.9994,30.0001,255,255
9,22,150,150,11.0002,10.0002,17.0005,28.9996,255,255
9,23,150,149.956,11.2426,10.1927,17.2501,28.5194,254.999,254.991
9,24,149.459,146.362,11.423,10.5773,17.3348,28.5525,254.067,253.707
9,25,140.173,117.884,11.0511,10.7449,16.6654,27.4182,238.24,235.807
9,26,112.968,67.7925,9.18249,8.442,13.7831,22.6124,192.045,188.62
9,27,77.8172,26.0714,6.41597,5.89818,9.59257,15.7187,132.284,131.528
9,28,48.5546,3.68171,4.03145,3.71462,6.00792,9.84144,82.5416,82.5375
9,29,28.103,-4.85874,2.30554,2.15204,3.44884,5.6412,47.7684,47.7649
10,0,-2.33625,5.95947,0.479561,0.458615,0.75745,1.21036,0.572847,9.15366
10,1,-3.16913,10.7387,0.866079,0.832851,1.37186,2.21354,1.01067,15.9305
10,2,-3.9827,19.7738,1.63579,1.58626,2.59351,5.99328,2.19258,29.3595
10,3,-5.19872,33.7261,2.96235,5.25645,4.67294,12.5707,3.62481,50.7616
10,4,-6.18029,55.9657,4.94938,8.58023,7.80653,23.7998,11.2977,85.9437
10,5,-9.45979,85.3916,7.47984,15.4829,11.8251,34.612,23.9354,131.537
10,6,-20.847,115.201,9.99493,19.4082,15.6922,44.0492,34.1454,179.658
10,7,-42.4485,136.412,11.6186,21.2306,18.0763,48.798,36.2119,218.663
10,8,-63.886,146.182,12.2351,21.2744,18.8553,49.2505,34.3209,239.744
10,9,-64.9646,148.857,12.5451,23.4509,19.3395,53.2445,36.0922,246.385
10,10,-26.9633,149.394,13.429,33.994,21.0989,71.6378,51.4014,246.381
10,11,38.5725,149.536,14.8096,55.6609,23.9383,102.932,86.1467,245.141
10,12,95.9559,149.54,15.7719,83.0215,26.2596,127.391,133.788,245.753
10,13,129.005,149.485,15.7765,110.265,27.2406,128.695,181.602,248.056
10,14,143.144,149.549,15.1903,133.089,27.2818,107.822,218.188,250.488
10,15,147.893,149.608,15.0956,131.062,27.1391,81.3759,238.7,252.064
10,16,149.482,149.708,16.3421,78.426,27.3347,59.7168,249.543,253.392
10,17,149.973,149.949,17.1117,23.279,28.2124,48.4226,254.571,254.781
10,18,150,150,14.0027,14.0005,28.9997,49.9982,255,255
10,19,149.999,149.95,15.431,14.2094,25.6462,42.831,254.974,254.94
10,20,150,149.917,11.9787,12.0294,19.974,33.0214,254.99,254.96
10,21,150,149.944,11.1633,10.785,18.4575,29.9938,254.999,254.99
10,22,150,150,11,10.0001,17.9998,29,255,255
10,23,149.989,149.109,11.177,10.2782,17.648,28.9568,254.978,254.947
10,24,148.964,136.583,11.4463,10.7804,17.5625,28.9958,253.21,252.661
10,25,139.798,95.084,11.148,10.9954,16.8494,27.7201,237.593,235.416
10,26,116.15,44.1381,9.53959,8.75236,14.2892,23.4369,197.451,194.724
10,27,84.345,8.51801,7.0139,6.44244,10.4576,17.1331,143.39,142.785
10,28,55.3912,-8.00952,4.6269,4.26633,6.88823,11.2732,94.1614,94.1615
10,29,33.5141,-12.2276,2.77638,2.58385,4.13352,6.76721,56.97,56.9748
11,0,-2.64984,6.3986,0.517192,0.497352,0.82136,1.31067,0.603346,10.1907
11,1,-3.81495,11.5342,0.940412,0.904023,1.49234,2.41609,1.06026,17.9659
11,2,-4.94826,21.5138,1.80169,1.75729,2.86224,6.79248,2.36652,33.6032
11,3,-6.67545,37.2787,3.33329,6.01447,5.25596,14.4485,3.9552,58.9081
11,4,-8.87654,62.323,5.57848,9.76528,8.81573,27.0296,11.961,99.9131
11,5,-15.7054,94.5827,8.35473,16.8184,13.2124,38.6059,23.3444,152.386
11,6,-34.7086,125.5,10.8724,19.8637,17.0398,46.7428,29.8782,204.906
11,7,-69.1807,144.238,12.0169,18.9399,18.542,45.936,27.1819,240.7
11,8,-108.541,149.542,11.7853,14.8547,17.755,37.1173,21.648,253.056
11,9,-124.286,149.971,11.5253,13.1552,17.1518,33.1573,20.0521,254.627
11,10,-74.4669,149.961,12.6507,22.7114,19.4545,55.1033,29.0531,254.123
11,11,27.638,149.922,15.0948,51.7157,24.2576,110.904,63.3073,253.191
11,12,103.101,149.886,16.7057,87.5001,27.6724,156.827,117.873,253.214
11,13,136.914,149.858,16.3486,120.839,28.3983,160.582,179.445,253.926
11,14,147.502,149.911,14.5069,167.931,27.6562,118.25,228.122,254.575
11,15,149.525,149.933,13.1956,208.008,27.2224,73.8139,247.106,254.81
11,16,149.628,149.732,14.1774,156.93,27.3248,67.9493,248.24,254.592
11,17,149.87,149.591,15.5191,57.7002,27.6952,54.9739,252.352,254.668
11,18,149.979,149.694,15.3105,21.6937,27.8563,48.7482,254.496,254.878
11,19,149.983,148.976,14.754,17.4334,25.3786,43.5691,254.625,254.82
11,20,150,147.62,12.9032,13.8829,21.2388,35.657,254.792,254.822
11,21,150,146.586,11.7305,11.6627,18.9798,31.307,254.923,254.889
11,22,149.993,144.785,11.3788,10.8162,18.1675,29.7983,254.944,254.896
11,23,149.841,132.452,11.5359,11.0149,17.9803,29.675,254.659,254.458
11,24,148.03,96.793,11.7529,11.409,17.8779,29.673,251.591,250.741
11,25,139.638,45.7892,11.4109,11.3834,17.1143,28.1333,237.315,235.453
11,26,120.275,3.88976,10.0195,9.17277,14.9099,24.4364,204.466,202.435
11,27,92.3267,-18.4711,7.74115,7.10992,11.4885,18.8125,156.952,156.493
11,28,63.7697,-24.8364,5.35832,4.93843,7.94617,13.0046,108.404,108.403
11,29,40.163,-22.267,3.34532,3.1189,4.97327,8.13864,68.2686,68.2748
12,0,-2.70278,6.60069,0.542111,0.517287,0.854441,1.38165,0.608794,10.7633
12,1,-3.93629,11.921,0.989799,0.947619,1.56966,2.54112,1.05087,19.1259
12,2,-4.92261,22.4735,1.91194,1.87062,3.04594,7.39846,2.43518,36.1498
12,3,-6.23577,39.3636,3.57275,6.59544,5.67023,15.9418,4.10356,63.9049
12,4,-7.85955,66.0286,6.00772,10.687,9.53096,29.5715,12.1658,108.235
12,5,-14.4305,99.661,8.93935,17.8331,14.208,41.8915,22.4463,164.064
12,6,-33.7299,130.535,11.4497,20.3694,18.0506,49.4187,26.8924,217.181
12,7,-70.5778,146.929,12.2786,17.958,19.0318,45.3459,22.8848,248.047
12,8,-121.339,149.95,11.5472,12.2636,17.2692,31.6042,18.3508,254.782
12,9,-149.999,150,11,10,16.0001,25.0002,17.9999,255
12,10,-79.5403,149.999,12.4509,17.1718,19.1917,46.905,20.6432,254.942
12,11,55.2618,149.993,15.9519,48.6286,25.7664,127.164,47.6128,254.786
12,12,124,149.988,18.23,86.2558,29.5751,193.733,96.7486,254.824
12,13,145.487,149.982,17.6767,103.028,29.5037,205.746,173.034,254.934
12,14,149.649,149.995,14.8087,135.914,27.3384,156.035,238.171,254.99
12,15,150,150,12.0002,254.987,27,42.0114,255,255
12,16,149.812,149.81,13.1775,205.379,27.2287,72.6375,248.246,254.928
12,17,149.636,148.036,14.6921,111.737,27.1262,72.7939,245.629,254.628
12,18,149.787,145.215,14.9824,50.8944,26.2196,56.8438,250.024,254.561
12,19,149.883,139.823,14.3913,28.4803,24.2387,46.4998,252.454,254.565
12,20,149.999,129.947,13.3529,19.0031,21.6635,38.7899,253.727,254.598
12,21,149.994,115.542,12.5773,14.6052,19.8226,34.0498,254.392,254.653
12,22,149.956,93.5028,12.3042,12.8654,18.9282,31.908,254.557,254.59
12,23,149.671,57.4339,12.3425,12.3527,18.5658,31.0358,254.211,253.993
12,24,148.099,11.6921,12.3361,12.0215,18.2691,30.3873,251.708,251.041
12,25,142.285,-27.2441,11.9191,11.6796,17.5527,28.8128,241.83,240.715
12,26,127.93,-48.5362,10.7496,9.80715,15.8182,25.9157,217.478,216.252
12,27,103.641,-52.6673,8.70648,7.98844,12.8429,21.0242,176.188,175.864
12,28,74.7357,-45.9478,6.2788,5.79237,9.28174,15.1848,127.045,127.044
12,29,48.4465,-34.6195,4.04671,3.76007,6.00231,9.81586,82.3559,82.3569
13,0,-2.58708,6.46202,0.534283,0.519179,0.854617,1.36935,0.573756,10.7632
13,1,-3.67956,11.6595,0.982862,0.946546,1.56764,2.53467,0.989146,19.1948
13,2,-4.13983,22.1902,1.91704,1.89686,3.07725,7.67534,2.37376,36.5186
13,3,-4.26825,39.1631,3.63118,6.90386,5.79075,16.7691,3.99743,64.8071
13,4,-3.61183,65.8383,6.1209,11.2298,9.77654,31.0931,11.8795,109.482
13,5,-5.82567,99.2666,9.13434,18.6404,14.6484,44.488,21.3932,165.414
13,6,-16.3079,129.977,11.7891,21.6944,18.851,53.6708,25.4285,218.05
13,7,-36.9823,146.5,12.8996,20.1765,20.5071,52.2768,21.8977,248.033
13,8,-61.0019,149.868,12.6612,15.8244,19.9338,42.7672,17.2528,254.658
13,9,-47.448,149.999,12.8271,14.4446,20.4962,40.3647,14.5071,254.987
13,10,63.1548,150,14.8795,20.3395,25.3621,62.9887,12.2149,254.993
13,11,117.677,150,17.1137,43.2374,28.2535,150.924,34.0003,254.989
13,12,144.846,150,19.6144,80.5281,31.0454,233.804,59.0343,254.996
13,13,149.341,149.999,21.0286,117.006,33.1633,244.645,121.339,254.999
13,14,150,150,16.0004,14.022,26.0009,254.99,254.988,255
13,15,149.894,149.978,14.7999,136.932,27.3552,155.481,239.896,254.997
13,16,149.586,149.235,14.4613,168.694,27.6995,115.58,234.303,254.939
13,17,149.297,143.421,14.9064,124.487,27.1416,98.4936,233.594,254.704
13,18,149.444,129.448,14.7902,72.4102,25.5201,72.8302,241.273,254.516
13,19,149.676,106.604,14.2744,40.6137,23.5235,53.8961,247.854,254.504
13,20,149.997,72.7137,13.7096,24.7327,21.6157,42.5072,251.715,254.59
13,21,149.994,29.8531,13.3983,17.2824,20.2341,36.2278,253.649,254.708
13,22,149.971,-15.2919,13.3617,14.0753,19.4475,33.1764,254.356,254.754
13,23,149.857,-54.9243,13.2962,12.7554,18.9376,31.5716,254.539,254.592
13,24,149.293,-83.5287,12.9519,11.9893,18.4191,30.4365,253.776,253.59
13,25,146.788,-99.0227,12.3962,11.5711,17.8097,29.2055,249.517,249.177
13,26,138.149,-100.459,11.5135,10.4529,16.7239,27.4127,234.853,234.348
13,27,118.018,-88.8229,9.81732,8.99568,14.3866,23.5724,200.627,200.436
13,28,88.2498,-69.2688,7.35569,6.7885,10.8477,17.7577,150.021,150.022
13,29,58.1849,-48.3212,4.83901,4.50545,7.17453,11.7367,98.9124,98.9123
14,0,-2.28755,6.00747,0.508469,0.493293,0.808581,1.30134,0.509955,10.2062
14,1,-3.14757,10.7627,0.917935,0.897972,1.47772,2.39013,0.868608,18.1595
14,2,-2.90151,20.6399,1.81937,1.80509,2.92774,7.54082,2.17813,34.6697
14,3,-1.51896,36.6348,3.47781,6.88745,5.57763,16.7467,3.66277,61.5702
14,4,2.16809,61.767,5.89376,11.2983,9.48826,31.2727,11.1296,103.801
14,5,6.22484,93.593,8.89639,19.0671,14.4188,45.8479,20.1588,157.21
14,6,8.68054,124.405,11.8107,23.4259,19.1962,58.3758,24.8682,209.596
14,7,12.2269,143.636,13.6239,24.2342,22.308,63.3971,22.4893,243.429
14,8,32.7244,149.437,14.3972,21.9981,24.051,61.2803,16.1582,253.944
14,9,100.868,149.994,15.3862,19.3146,26.9645,57.2661,7.45733,254.986
14,10,149.999,150,16,17.0001,28.9999,49.0017,1.0005,255
14,11,144.113,150,17.211,34.1657,28.8218,156.428,27.754,255
14,12,150,150,17.0026,19.052,27.0038,254.998,51.9896,255
14,13,150,150,28.9965,254.932,43.995,255,3.02399,255
14,14,149.812,149.992,21.5305,130.087,33.9399,244.23,130.827,254.999
14,15,149.467,149.702,17.8884,114.871,29.9857,205.643,189.225,254.988
14,16,148.98,146.308,16.4853,132.439,28.8842,159.609,203.76,254.904
14,17,148.8,130.842,15.6949,112.75,27.3464,121.263,216.736,254.693
14,18,149.093,96.4461,14.956,74.9333,25.1213,85.3412,231.825,254.549
14,19,149.507,46.175,14.3305,43.7316,22.9306,58.9076,243.616,254.615
14,20,149.995,-12.6004,14.0249,25.3589,21.2673,43.4292,250.563,254.767
14,21,149.997,-68.4167,14.1506,16.6894,20.265,35.9331,253.683,254.891
14,22,149.996,-108.632,14.5078,13.505,19.7415,33.0109,254.651,254.954
14,23,149.989,-128.956,14.4105,12.4384,19.2003,31.5878,254.911,254.963
14,24,149.938,-137.101,13.4095,11.6494,18.2517,29.9269,254.893,254.879
14,25,149.534,-139.849,12.3835,11.0795,17.3848,28.4738,254.205,254.171
14,26,146.396,-135.562,11.8253,10.686,16.9719,27.8348,248.873,248.76
14,27,132.174,-119.104,10.7427,9.83175,15.6695,25.7032,224.696,224.606
14,28,102.405,-91.2582,8.41752,7.77592,12.4008,20.3176,174.089,174.09
14,29,68.161,-61.5981,5.63298,5.24563,8.3511,13.6641,115.876,115.875
15,0,-1.79123,5.41213,0.460016,0.445461,0.738452,1.19439,0.451437,9.19343
15,1,-2.30794,9.55867,0.822626,0.806822,1.33354,2.1764,0.738641,16.2485
15,2,-1.38628,18.323,1.64425,1.64563,2.66078,7.06344,1.91075,31.0295
15,3,1.35683,32.5209,3.16247,6.54612,5.10373,15.8898,3.20141,55.0088
15,4,7.57009,54.884,5.37985,10.8396,8.71967,29.9343,10.0468,92.562
15,5,16.6967,83.7725,8.22067,18.7546,13.4447,45.0713,18.6281,141.06
15,6,28.8061,114.009,11.2911,24.4907,18.5669,60.7232,24.5108,192.181
15,7,46.3487,136.981,13.7583,28.0139,22.8751,72.4356,24.5224,232.016
15,8,75.2601,147.585,15.2007,28.0879,25.7714,76.8663,19.2915,250.723
15,9,115.201,149.851,15.9407,25.6101,27.7623,74.9359,12.1578,254.738
15,10,138.512,149.994,16.3779,25.9026,28.7692,81.2273,10.5493,254.991
15,11,143.272,149.998,17.8258,46.9808,29.5908,162.26,29.5676,254.998
15,12,148.358,149.999,20.123,84.6626,31.7247,236.741,42.3432,255
15,13,149.302,149.986,24.0295,163.049,37.1434,247.393,39.8204,255
15,14,148.99,149.791,22.6907,153.143,35.5952,237.912,84.6424,254.997
15,15,148.423,147.731,19.7471,129.336,32.1168,211.126,140.769,254.965
15,16,148.05,136.998,17.7441,119.444,29.6926,172.663,175.377,254.815
15,17,148.177,105.586,16.2393,97.9251,27.1829,128.761,202.508,254.587
15,18,148.773,49.6536,15.0573,66.2605,24.4902,87.5804,225.807,254.584
15,19,149.43,-18.5427,14.3339,38.5693,22.2664,57.7121,242.194,254.81
15,20,149.988,-81.1792,14.2182,21.8341,20.9373,41.2571,251.022,254.964
15,21,149.998,-124.504,14.7515,14.8013,20.4353,34.7957,254.261,254.996
15,22,150,-144.397,15.7583,13.0586,20.2712,33.2532,254.928,255
15,23,150,-148.853,16.1997,12.719,19.8831,32.5745,254.996,255
15,24,150,-149.202,13.8204,11.5947,18.1359,29.6023,254.999,254.999
15,25,149.994,-149.557,11.7163,10.4674,16.2034,26.3186,254.989,254.989
15,26,149.572,-148.213,11.5368,10.4293,16.3762,26.7802,254.272,254.264
15,27,141.64,-137.026,11.1925,10.2419,16.2847,26.7382,240.789,240.763
15,28,113.618,-107.525,9.19692,8.51314,13.5656,22.2466,193.148,193.148
15,29,76.0698,-71.8809,6.23506,5.82418,9.26651,15.1701,129.316,129.318
16,0,-1.30846,4.63854,0.396515,0.396018,0.644322,1.04574,0.368472,7.88468
16,1,-1.47351,8.13048,0.711119,0.700486,1.15799,1.88843,0.602981,13.8084
16,2,-0.104245,15.48,1.41078,1.4201,2.29925,6.28989,1.60184,26.3113
16,3,3.40038,27.3824,2.73023,5.91148,4.42063,14.2959,2.66623,46.4869
16,4,10.818,46.1822,4.6416,9.86708,7.56232,27.1265,8.71612,78.0177
16,5,22.2108,70.9529,7.1644,17.493,11.7824,41.7172,16.6692,119.597
16,6,38.257,98.8502,10.1193,24.0705,16.7328,58.8032,23.5725,166.604
16,7,59.8037,124.079,12.944,30.1201,21.5822,75.7558,26.9728,209.943
16,8,85.8792,140.6,15.0455,34.2485,25.3593,89.2409,26.1643,238.729
16,9,111.233,147.622,16.2632,37.181,27.6526,100.409,23.8845,250.965
16,10,128.295,149.407,17.1372,44.3913,28.9606,121.917,26.3463,254.084
16,11,137.871,149.754,18.4416,63.9002,30.2804,167.866,37.0241,254.723
16,12,143.815,149.777,20.1791,94.7377,32.1834,211.1,48.1791,254.887
16,13,146.26,149.351,21.5559,125.037,33.9773,226.799,60.6834,254.899
16,14,146.73,147.453,21.2601,132.067,33.7248,221.64,87.9879,254.772
16,15,146.574,139.702,19.6891,122.372,31.7727,199.945,125.828,254.352
16,16,146.53,116.898,17.8618,106.25,29.1947,164.299,162.807,253.606
16,17,147.025,70.2081,16.1765,82.2452,26.306,121.221,196.318,253.1
16,18,148.106,3.26094,14.8824,54.3972,23.5923,81.2622,224.069,253.504
16,19,149.237,-65.5343,14.1831,31.5036,21.6792,53.126,242.742,254.406
16,20,149.951,-116.767,14.1568,18.4626,20.856,38.8627,251.928,254.907
16,21,149.998,-142.692,14.7629,13.8896,20.8835,34.562,254.648,254.997
16,22,150,-149.569,16.0448,13.2186,20.9576,34.1159,254.992,255
16,23,150,-150,17.999,13.0002,20.0008,33.001,255,255
16,24,150,-149.974,13.7969,11.6818,18.3881,29.9776,255,255
16,25,150,-150,11.0001,10,15.0005,24.0012,255,255
16,26,149.956,-149.832,11.2461,10.2144,16.024,26.2241,254.925,254.925
16,27,145,-143.179,11.2706,10.3478,16.4801,27.1022,246.5,246.488
16,28,118.422,-114.925,9.49765,8.83301,14.0784,23.1016,201.316,201.316
16,29,79.3136,-76.6338,6.47267,6.0676,9.65195,15.8038,134.83,134.83
17,0,-0.894748,3.80956,0.331749,0.324585,0.540162,0.869547,0.296617,6.47801
17,1,-0.825884,6.58604,0.578955,0.577608,0.954484,1.56374,0.467764,11.2022
17,2,0.755597,12.5109,1.1514,1.16627,1.89345,5.33847,1.29676,21.2644
17,3,4.38111,21.9781,2.23587,5.09103,3.63919,12.2177,2.12939,37.3644
17,4,11.6859,36.9198,3.7926,8.50754,6.20641,23.2435,7.26875,62.412
17,5,22.8362,56.846,5.87374,15.3561,9.69305,36.1637,14.2841,95.8515
17,6,38.5169,80.4739,8.44758,21.9097,13.9881,52.4378,21.5055,135.562
17,7,59.007,104.601,11.2023,29.2811,18.6304,71.2192,27.5975,176.763
17,8,82.165,124.484,13.6875,36.7317,22.8633,90.6769,31.6013,211.294
17,9,103.699,137.331,15.5717,44.5094,26.0288,110.62,34.5555,233.715
17,10,119.935,143.602,16.9603,54.9824,28.1434,134.62,39.3915,244.969
17,11,130.744,145.997,18.1931,70.7891,29.727,164.18,47.8418,249.75
17,12,137.481,146.207,19.313,90.2467,31.0771,189.91,59.0569,251.603
17,13,140.979,143.877,19.9437,106.251,31.8473,201.228,74.4138,251.929
17,14,142.259,137.243,19.6681,111.278,31.4522,196.153,97.3346,251.113
17,15,142.452,120.984,18.5413,104.353,29.8221,175.791,127.561,249.371
17,16,142.6,87.9763,16.9978,88.3967,27.386,143.354,161.08,247.555
17,17,143.627,35.0304,15.5017,66.5721,24.7319,105.781,193.987,247.269
17,18,145.817,-30.3896,14.406,43.926,22.502,72.0131,222.403,249.408
17,19,148.256,-90.9127,13.8616,26.2867,21.173,48.7551,242.313,252.603
17,20,149.747,-130.652,13.8044,16.6979,20.8598,37.5267,252.139,254.549
17,21,149.989,-146.9,14.0033,13.7622,21.2899,34.8174,254.75,254.981
17,22,150,-149.897,14.1413,13.6399,22.1128,35.5435,254.996,255
17,23,150,-150,14.0002,13.9997,23.9983,37.9978,255,255
17,24,150,-149.993,12.7959,12.0991,19.7652,32.2436,255,255
17,25,150,-150,11,10.0001,16.9996,28.9989,255,255
17,26,149.888,-149.78,11.2579,10.2976,16.7693,27.9518,254.809,254.808
17,27,143.441,-142.098,11.1923,10.3849,16.6362,27.4137,243.85,243.836
17,28,115.143,-112.767,9.24481,8.66906,13.8254,22.6811,195.742,195.742
17,29,76.3771,-74.6013,6.22971,5.87627,9.34981,15.2997,129.835,129.835
18,0,-0.5756,3.00251,0.26712,0.264895,0.429588,0.693275,0.224926,5.10388
18,1,-0.383293,5.12481,0.456606,0.456897,0.755056,1.23963,0.353808,8.70813
18,2,1.15076,9.67898,0.900059,0.920747,1.48858,4.3234,1.01244,16.4572
18,3,4.47166,16.8955,1.74881,4.18682,2.85608,9.9456,1.64526,28.7249
18,4,10.8409,28.2143,2.95839,6.97082,4.83864,18.8915,5.82389,47.6358
18,5,20.2957,43.2737,4.55979,12.6856,7.52813,29.4314,11.6374,72.9265
18,6,33.393,61.6189,6.59193,18.4251,10.9066,43.1491,18.2776,103.717
18,7,50.4018,81.7517,8.91806,25.5379,14.7827,60.1586,25.3152,137.974
18,8,69.7819,100.618,11.2747,33.7804,18.7021,79.685,32.015,170.848
18,9,88.8908,115.831,13.3829,43.1331,22.1528,100.905,38.7002,197.733
18,10,105.099,125.829,15.1077,54.004,24.856,123.306,46.4246,216.504
18,11,117.115,130.896,16.4422,66.5095,26.8029,145.09,55.9755,227.766
18,12,125.08,131.445,17.357,78.9531,28.0433,161.608,68.0373,233.535
18,13,129.601,126.699,17.7124,87.6019,28.4547,167.667,83.7948,235.415
18,14,131.505,115.458,17.3868,89.1376,27.8857,161.34,103.984,234.478
18,15,132.067,93.9824,16.4801,82.5556,26.4125,143.37,128.79,232.168
18,16,132.8,58.6167,15.3002,69.3649,24.4143,117.155,156.925,230.671
18,17,135.107,9.33391,14.2312,52.5722,22.4504,88.3388,186.37,232.41
18,18,139.471,-47.342,13.5538,35.9862,21.0427,63.0281,214.337,238.356
18,19,144.686,-98.8754,13.316,23.1952,20.4596,45.5381,236.778,246.42
18,20,148.571,-133.116,13.3076,16.0712,20.6269,36.8959,250.043,252.508
18,21,149.852,-147.233,13.1514,13.816,21.2065,34.7105,254.463,254.742
18,22,149.998,-149.896,12.3853,13.7981,21.5938,34.8089,254.99,254.997
18,23,150,-150,11.0007,14,21.0006,34.0009,255,255
18,24,149.999,-149.981,11.987,12.9141,20.4292,33.2181,254.999,254.999
18,25,149.953,-149.879,11.5471,10.9898,17.9894,29.9399,254.92,254.92
18,26,148.457,-147.985,11.5192,10.8341,17.5665,29.1048,252.378,252.369
18,27,135.354,-133.751,10.7647,10.1787,16.2958,26.7833,230.103,230.078
18,28,103.67,-101.807,8.39387,7.96303,12.6867,20.7777,176.236,176.236
18,29,67.6882,-66.4638,5.54119,5.26257,8.36898,13.682,115.063,115.066
19,0,-0.354856,2.2838,0.203259,0.203511,0.329899,0.542237,0.165125,3.88459
19,1,-0.123682,3.84885,0.348208,0.345321,0.57504,0.945166,0.25609,6.53271
19,2,1.2145,7.22249,0.678556,0.697634,1.12251,3.3643,0.757208,12.2781
19,3,3.98161,12.5032,1.31847,3.29592,2.15451,7.75033,1.22779,21.2434
19,4,9.07948,20.712,2.20731,5.44584,3.60926,14.6339,4.491,34.9228
19,5,16.3589,31.48,3.36876,9.92056,5.56371,22.6456,8.99777,53.0503
19,6,26.221,44.6836,4.85086,14.4489,8.01703,33.1192,14.4408,75.2619
19,7,39.0001,59.7446,6.60485,20.2648,10.9195,46.4359,20.9016,100.851
19,8,53.7268,74.7129,8.48897,27.3377,14.0153,62.2504,27.8088,127.156
19,9,69.0439,88.15,10.3241,35.5533,16.994,79.7809,35.466,151.41
19,10,83.3001,98.1855,11.9587,44.6484,19.5873,97.6843,44.4172,171.447
19,11,94.9521,103.865,13.2495,53.9266,21.5593,113.679,54.767,185.874
19,12,103.395,104.391,14.0928,61.9372,22.7924,124.695,66.9643,194.795
19,13,108.735,98.717,14.4175,66.6261,23.2016,127.884,81.6175,199.06
19,14,111.502,86.4453,14.2141,66.5439,22.7904,122.399,98.5788,199.795
19,15,113.063,65.5898,13.6249,61.3406,21.7566,109.155,118.398,199.199
19,16,115.119,34.6774,12.9047,52.0715,20.4631,90.8608,141.273,200.087
19,17,119.25,-5.55685,12.349,40.7632,19.363,71.3372,166.924,205.154
19,18,126.179,-51.0156,12.1544,29.7612,18.837,54.3334,194.172,215.642
19,19,134.992,-94.1954,12.3271,21.1017,19.0234,42.3894,220.066,229.912
19,20,143.252,-126.688,12.6217,15.8898,19.749,36.1499,240.166,243.397
19,21,148.088,-143.842,12.6469,13.8681,20.6011,34.2585,251.092,251.712
19,22,149.721,-149.122,12.1778,13.654,21.1119,34.2142,254.454,254.521
19,23,149.942,-149.845,11.7282,13.7023,21.0829,34.1015,254.895,254.901
19,24,149.733,-149.543,11.944,13.0933,20.4655,33.2233,254.542,254.543
19,25,147.936,-147.386,11.8884,12.0467,19.1079,31.231,251.485,251.481
19,26,139.602,-138.408,11.242,10.9556,17.4979,28.6565,237.323,237.291
19,27,117.708,-116.02,9.55455,9.20028,14.6621,23.9854,200.102,200.055
19,28,85.6724,-84.4763,7.00959,6.71553,10.6853,17.4609,145.641,145.638
19,29,55.2562,-54.6403,4.55039,4.35049,6.90912,11.2778,93.9326,93.9317
20,0,-0.20707,1.68528,0.151036,0.148418,0.252176,0.400057,0.122377,2.87093
20,1,0.011027,2.79474,0.256816,0.259146,0.428688,0.693154,0.183992,4.75348
20,2,1.10147,5.21378,0.49955,0.511798,0.826625,2.51752,0.557842,8.86597
20,3,3.24549,8.95582,0.965154,2.50052,1.57228,5.81041,0.882897,15.2226
20,4,7.08154,14.7118,1.59126,4.0792,2.60231,10.881,3.34565,24.7665
20,5,12.3324,22.0813,2.3914,7.4002,3.95283,16.6357,6.67548,37.2029
20,6,19.1721,30.9855,3.40639,10.6897,5.62445,24.0402,10.6242,52.2218
20,7,27.9931,41.2855,4.61766,14.9511,7.61334,33.4628,15.5986,69.7384
20,8,38.162,51.7049,5.94757,20.1714,9.78725,44.6887,21.134,88.3031
20,9,49.0834,61.4749,7.29374,26.2208,11.9734,57.1294,27.6196,106.498
20,10,59.8885,69.0626,8.55823,32.7574,13.9916,69.6868,35.526,122.975
20,11,69.3735,73.3967,9.60336,39.0664,15.6196,80.5943,44.7126,136.161
20,12,76.8365,73.4007,10.3175,44.1326,16.6989,87.8705,55.2818,145.441
20,13,82.1374,68.1241,10.6548,46.8314,17.1648,89.9234,67.4531,151.066
20,14,85.4682,57.571,10.6243,46.526,17.0391,86.4409,80.8104,153.694
20,15,88.0019,40.7445,10.356,43.1768,16.5219,78.1799,96.1369,155.423
20,16,91.2468,17.1231,10.0427,37.4759,15.9018,66.9334,114.279,158.858
20,17,96.6232,-12.6356,9.90022,30.628,15.5172,55.054,135.821,166.439
20,18,104.978,-46.357,10.0731,23.9711,15.6411,44.7432,160.718,179.58
20,19,115.981,-80.2358,10.5784,18.6148,16.3721,37.4811,187.506,197.65
20,20,127.96,-109.586,11.2392,15.1689,17.5602,33.6563,212.906,217.35
20,21,137.732,-130.148,11.7595,13.5631,18.8281,32.5178,232.533,234.023
20,22,143.625,-140.783,11.9361,13.1429,19.7382,32.6461,243.632,244.115
20,23,145.342,-144.014,11.87,12.9949,19.9429,32.5518,246.896,247.05
20,24,142.993,-141.824,11.6727,12.4041,19.2816,31.4309,243.022,243.054
20,25,134.661,-133.304,11.0303,11.3489,17.6791,28.795,228.888,228.89
20,26,117.574,-116.14,9.64984,9.51447,15.1104,24.631,199.875,199.823
20,27,92.4021,-91.2129,7.60134,7.38771,11.7382,19.1468,157.085,157.021
20,28,65.0144,-64.5645,5.36362,5.17425,8.21706,13.4074,110.527,110.526
20,29,41.8986,-41.749,3.46483,3.33417,5.28695,8.623,71.222,71.2229
21,0,-0.120312,1.21059,0.115516,0.1133,0.180015,0.296649,0.0913697,2.06269
21,1,0.0694481,1.98058,0.187391,0.181924,0.30272,0.498636,0.128978,3.36556
21,2,0.902239,3.66852,0.354243,0.359452,0.586649,1.8277,0.396409,6.24161
21,3,2.48998,6.24937,0.678365,1.84658,1.10657,4.21889,0.62928,10.6202
21,4,5.12573,10.0553,1.09897,2.95031,1.80289,7.75183,2.21227,16.8921
21,5,8.56538,14.755,1.62971,5.301,2.68168,11.6571,4.26504,24.815
21,6,12.9052,20.3322,2.27054,7.54264,3.74358,16.5589,6.66331,34.1905
21,7,18.4026,26.7285,3.0322,10.4169,4.99984,22.7134,9.71181,45.0637
21,8,24.7481,33.1619,3.88381,13.9096,6.38192,29.9725,13.2218,56.7583
21,9,31.6979,39.2522,4.75619,17.9157,7.79937,37.9606,17.5649,68.5987
21,10,38.8845,43.8854,5.60694,22.1496,9.15558,45.9458,23.1918,79.943
21,11,45.5058,46.2677,6.3272,26.1269,10.2891,52.8049,29.8879,89.6098
21,12,51.0723,45.5632,6.85171,29.2282,11.0956,57.3898,37.6744,97.0432
21,13,55.4294,41.1171,7.15283,30.8522,11.5223,58.8477,46.6326,102.287
21,14,58.5783,33.0968,7.22308,30.7048,11.5769,57.0249,56.3484,105.585
21,15,61.399,21.0039,7.16598,28.8397,11.4111,52.4508,67.6367,108.578
21,16,65.0248,4.67733,7.11311,25.6566,11.242,46.1954,81.4187,113.267
21,17,70.511,-15.4295,7.21434,21.8454,11.2849,39.6063,98.4232,121.481
21,18,78.5427,-38.2399,7.55425,18.1304,11.7208,33.9436,118.945,134.379
21,19,89.0688,-62.0156,8.15967,15.0969,12.619,30.0281,142.322,151.801
21,20,101.121,-84.5125,8.92506,13.0702,13.8682,28.0753,166.494,171.631
21,21,112.102,-102.905,9.64749,12.0018,15.1771,27.6254,187.895,190.31
21,22,119.824,-114.644,10.1249,11.5586,16.1628,27.8167,202.319,203.538
21,23,121.941,-118.848,10.1785,11.1916,16.3737,27.3683,206.623,207.161
21,24,117.131,-114.988,9.71936,10.246,15.5622,25.6699,198.888,199.002
21,25,104.961,-103.486,8.70149,9.02963,13.7594,22.4384,178.354,178.36
21,26,86.7331,-85.818,7.18943,7.07835,11.2223,18.2661,147.444,147.369
21,27,65.7124,-65.2349,5.4465,5.31194,8.42241,13.7149,111.708,111.636
21,28,45.8221,-45.8112,3.80443,3.68377,5.83538,9.51141,77.8869,77.8896
21,29,29.8978,-29.8889,2.48841,2.40058,3.79784,6.19262,50.824,50.8292
22,0,-0.06943,0.850878,0.0826113,0.0812469,0.132778,0.21308,0.0656279,1.45008
22,1,0.087324,1.37745,0.130087,0.129042,0.212855,0.348644,0.0909738,2.33216
22,2,0.724559,2.48967,0.239853,0.24846,0.399342,1.28932,0.275532,4.22893
22,3,1.87407,4.2159,0.466088,1.31508,0.76152,2.97763,0.423669,7.16464
22,4,3.60551,6.61493,0.735319,2.06492,1.21062,5.33786,1.33455,11.0806
22,5,5.76549,9.48511,1.06965,3.61765,1.75318,7.88678,2.48495,15.9024
22,6,8.34998,12.7619,1.45421,5.0489,2.39678,10.9721,3.73243,21.4078
22,7,11.5256,16.4149,1.90618,6.86399,3.13686,14.7676,5.2406,27.6066
22,8,15.2517,20.1274,2.41059,9.03032,3.96246,19.1934,7.19423,34.4332
22,9,19.3734,23.5532,2.93796,11.4741,4.80634,23.9908,9.7405,41.4681
22,10,23.7612,25.9675,3.45905,14.023,5.63762,28.7288,13.2615,48.4626
22,11,27.9548,26.9119,3.91309,16.3607,6.35309,32.7838,17.6003,54.7082
22,12,31.6928,25.86,4.26797,18.1611,6.89695,35.5266,22.8113,59.8831
22,13,34.8794,22.4592,4.4956,19.1206,7.22778,36.5265,28.9415,64.0217
22,14,37.4347,16.9182,4.60182,19.0999,7.35579,35.705,35.6451,67.1107
22,15,39.9456,8.96349,4.65033,18.1527,7.37912,33.3804,43.5691,70.2834
22,16,43.1637,-1.46513,4.71622,16.5108,7.42628,30.1517,53.4325,74.8559
22,17,47.715,-14.1136,4.89016,14.5347,7.62903,26.7457,65.7119,81.9324
22,18,54.0036,-28.4468,5.21845,12.5988,8.09373,23.8329,80.5963,92.18
22,19,61.9655,-43.6171,5.71833,11.0001,8.83165,21.8308,97.6406,105.452
22,20,70.9975,-58.4787,6.31392,9.88309,9.76995,20.8297,115.445,120.275
22,21,79.1802,-71.2343,6.877,9.20405,10.6994,20.5398,131.488,134.178
22,22,84.8395,-79.67,7.25073,8.78146,11.3639,20.468,142.306,143.921
22,23,85.7699,-82.5545,7.25285,8.30174,11.4104,19.6516,144.77,145.58
22,24,80.958,-79.0372,6.78693,7.23451,10.6663,17.8663,137.268,137.443
22,25,70.8426,-69.8797,5.92166,6.20911,9.25864,15.139,120.327,120.337
22,26,57.4087,-57.053,4.79052,4.69433,7.43557,12.0918,97.5959,97.5122
22,27,43.2581,-43.1475,3.60397,3.51249,5.56587,9.0589,73.5421,73.4727
22,28,30.5119,-30.508,2.54186,2.46507,3.90273,6.35363,51.8728,51.8745
22,29,20.3321,-20.3188,1.69724,1.6414,2.59253,4.22199,34.5556,34.5556
23,0,0.276676,0.281867,0.0344764,0.0400874,0.0617024,0.0919713,0.00251662,0.473044
23,1,0.509377,0.504892,0.0591773,0.059643,0.0978218,0.16544,0.00744222,0.858068
23,2,1.11003,1.11172,0.127559,0.135359,0.216203,0.800443,0.119683,1.8865
23,3,2.08109,2.08986,0.264016,0.871826,0.43718,1.94549,0.203595,3.54406
23,4,3.35923,3.35385,0.415635,1.30262,0.689702,3.38329,0.760113,5.57983
23,5,4.67543,4.67117,0.578763,1.84521,0.957246,4.84681,1.08901,7.78137
23,6,6.29805,6.30102,0.780347,2.53979,1.29031,6.64647,1.60871,10.4836
23,7,8.19422,8.18864,1.02082,3.41597,1.68274,8.83105,2.25817,13.5775
23,8,10.2964,10.0962,1.29265,4.42197,2.12059,11.3444,3.12176,17.0474
23,9,12.5035,11.8639,1.56743,5.5271,2.56654,14.0147,4.27973,20.6763
23,10,14.823,12.9996,1.85315,6.63472,3.00859,16.642,6.10485,24.515
23,11,17.0826,13.2318,2.12108,7.60496,3.41695,18.8734,8.58623,28.2299
23,12,19.1356,12.3111,2.33406,8.2904,3.73387,20.406,11.7199,31.6018
23,13,20.9731,10.0565,2.49662,8.5852,3.96059,21.0184,15.5559,34.6362
23,14,22.5195,6.65166,2.59376,8.4454,4.09108,20.675,19.8327,37.2201
23,15,24.1914,1.91812,2.67755,7.95768,4.17666,19.5638,25.0294,40.0652
23,16,26.454,-4.19946,2.78384,7.2583,4.30836,17.9991,31.6099,43.9538
23,17,29.6284,-11.547,2.95566,6.52229,4.55118,16.3694,39.8196,49.445
23,18,33.896,-19.8634,3.22483,5.89822,4.94233,14.9836,49.6608,56.8198
23,19,39.1136,-28.6789,3.58698,5.47012,5.48748,14.0552,60.7363,65.8244
23,20,44.7421,-37.2495,3.98778,5.25748,6.11284,13.5863,72.0432,75.5307
23,21,49.6854,-44.705,4.33213,5.15781,6.6733,13.3723,81.962,84.0558
23,22,52.924,-49.5232,4.55367,5.07745,7.04464,13.1748,88.3328,89.6606
23,23,53.0492,-50.99,4.51859,4.84852,7.00616,12.3653,89.2953,89.9343
23,24,49.632,-48.6118,4.18248,4.09224,6.48647,10.9701,84.1333,84.1791
23,25,43.2099,-42.8765,3.62914,3.54706,5.6171,9.18912,73.4069,73.3705
23,26,35.1823,-34.977,2.95312,2.87038,4.55609,7.40107,59.8148,59.7413
23,27,26.8008,-26.7029,2.24517,2.18015,3.4492,5.61678,45.567,45.5108
23,28,19.2655,-19.2539,1.61077,1.55683,2.46705,4.01663,32.7447,32.7417
23,29,13.1502,-13.1468,1.10546,1.06533,1.68543,2.73871,22.3545,22.3601
24,0,0.193526,0.187933,0.0285183,0.0276665,0.0376194,0.0686231,0.0047412,0.319116
24,1,0.346859,0.348555,0.0431828,0.044566,0.0684475,0.115467,0.00567337,0.591066
24,2,0.75681,0.75094,0.0909067,0.0876947,0.146011,0.548628,0.0804654,1.27584
24,3,1.31026,1.31155,0.161945,0.501568,0.270979,1.21456,0.131963,2.22492
24,4,1.86208,1.86682,0.232143,0.721674,0.386275,1.72929,0.198493,3.07207
24,5,2.50699,2.50532,0.314446,1.00779,0.520561,2.37231,0.27115,4.14111
24,6,3.27206,3.2747,0.411906,1.37037,0.674842,3.18788,0.358641,5.4049
24,7,4.13049,4.13049,0.525096,1.80785,0.863415,4.14028,0.465898,6.81012
24,8,5.0206,5.01355,0.640482,2.30574,1.05435,5.18097,0.581054,8.26623
24,9,5.92909,5.76956,0.75359,2.84078,1.23676,6.25208,0.823357,9.7536
24,10,6.87947,6.17003,0.876429,3.37001,1.42531,7.25308,1.39915,11.3073
24,11,7.87206,6.00466,0.992495,3.8285,1.5937,8.06564,2.45152,12.9474
24,12,8.88231,5.17576,1.08927,4.16005,1.74599,8.59239,4.04526,14.6114
24,13,9.87664,3.6803,1.17673,4.30992,1.86392,8.75432,6.15144,16.2764
24,14,10.7973,1.65868,1.23461,4.26031,1.93493,8.55176,8.57451,17.8282
24,15,11.8959,-0.992001,1.29626,4.05576,2.01632,8.09916,11.6656,19.7224
24,16,13.4435,-4.32219,1.38162,3.76849,2.13976,7.57547,15.6987,22.3857
24,17,15.5881,-8.28375,1.52428,3.46191,2.34014,7.10744,20.7724,26.0765
24,18,18.3572,-12.7493,1.71322,3.20918,2.6207,6.81763,26.8048,30.8451
24,19,21.6092,-17.4577,1.94953,3.05674,2.9821,6.7425,33.4793,36.4456
24,20,24.991,-21.9993,2.20014,2.97455,3.37661,6.84037,40.1399,42.2518
24,21,27.8124,-25.9359,2.41218,2.93407,3.70327,6.95991,45.8299,47.1154
24,22,29.614,-28.3796,2.53914,2.88094,3.90929,6.99932,49.3918,50.2101
24,23,29.6079,-29.0499,2.51237,2.73252,3.87942,6.56974,49.8785,50.2337
24,24,27.7323,-27.6381,2.33059,2.27477,3.59891,5.84721,47.0727,47.077
24,25,24.3807,-24.3668,2.04193,1.9947,3.15406,5.12682,41.4407,41.4442
24,26,20.0791,-20.0732,1.68185,1.63587,2.59275,4.21285,34.1345,34.1287
24,27,15.5615,-15.5552,1.30517,1.26314,2.00193,3.26107,26.4521,26.4494
24,28,11.4301,-11.4238,0.954248,0.932168,1.47159,2.38564,19.4316,19.4318
24,29,8.02699,-8.01743,0.670348,0.652474,1.03479,1.6752,13.646,13.6458
25,0,0.0084,0.0094,0.0066,0.0041,0.0031,0.0038,0.0048,0.0086
25,1,0.0051,0.0026,0.0004,0.0084,0.0019,0.0071,0.0021,0.0047
25,2,0.0012,0.0032,0.0033,0.0091,0.0058,0.0083,0.0042,0.0081
25,3,0.0062,0.0056,0.0035,0.0057,0.0015,0.0075,0.0095,0.0097
25,4,0.0068,0.006,0.0038,0,0.0096,0.0086,0.0087,0.0047
25,5,0.0011,0.0089,0.0032,0.0031,0.0061,0.0051,0.0076,0.0071
25,6,0.0083,0.001,0.0063,0.0043,0.0091,0.0007,0.0025,0.0052
25,7,0.0063,0.0058,0.0011,0.0077,0.0034,0.0005,0.0075,0.0003
25,8,0.0064,0.0014,0.0004,0.0061,0.0098,0.0089,0.0009,0.0011
25,9,0.0079,0.004,0.004,0.0039,0.0091,0.0017,0.0009,0.0074
25,10,0.0871178,-0.0773233,0.0104434,0.00818571,0.0181995,0.0207726,0.150549,0.14805
25,11,0.337701,-0.330019,0.0325198,0.030717,0.0503648,0.0784594,0.577614,0.578612
25,12,0.82458,-0.819806,0.0725698,0.0681609,0.108007,0.172995,1.40205,1.40096
25,13,1.51723,-1.50604,0.136288,0.128288,0.201767,0.321449,2.57202,2.57954
25,14,2.28257,-2.27637,0.198617,0.186749,0.300314,0.483559,3.88102,3.88397
25,15,3.25753,-3.2454,0.282201,0.26931,0.423916,0.684236,5.53644,5.53537
25,16,4.52994,-4.51277,0.397358,0.371008,0.582457,0.955155,7.68849,7.69247
25,17,6.11821,-6.10689,0.526063,0.502533,0.789572,1.28332,10.3944,10.3962
25,18,8.00232,-7.99304,0.689818,0.658617,1.03373,1.68679,13.5959,13.6004
25,19,10.0685,-10.0596,0.860523,0.826881,1.30879,2.1229,17.1155,17.1133
25,20,12.1133,-12.099,1.03854,1.00055,1.57336,2.54701,20.5843,20.5819
25,21,13.8382,-13.8268,1.17781,1.14202,1.79882,2.91773,23.5165,23.518
25,22,14.9175,-14.9104,1.26846,1.22475,1.93836,3.1406,25.3667,25.3615
25,23,15.1129,-15.1006,1.27801,1.23985,1.96415,3.1833,25.6942,25.6921
25,24,14.3372,-14.3276,1.20988,1.18108,1.86116,3.01258,24.3708,24.3743
25,25,12.7452,-12.7335,1.072,1.0437,1.64719,2.67813,21.6648,21.6608
25,26,10.6394,-10.6291,0.895545,0.866959,1.37593,2.23006,18.0838,18.0814
25,27,8.38704,-8.3742,0.703689,0.684098,1.08031,1.75249,14.2511,14.2569
25,28,6.27862,-6.2723,0.5299,0.517538,0.810817,1.31491,10.6775,10.6757
25,29,4.50329,-4.49049,0.382258,0.371269,0.580969,0.940454,7.65032,7.64886
26,0,0.0023,0.0075,0.0011,0.0094,0.0022,0.0047,0.0006,0.0067
26,1,0.0039,0.0039,0.0098,0.0079,0.0065,0.0001,0.0045,0.0069
26,2,0.0063,0.0005,0.0061,0.0031,0.0081,0.001,0.0061,0.0023
26,3,0.0001,0.0032,0,0.0062,0.0087,0.0016,0.0062,0.0009
26,4,0.0091,0.0074,0.0004,0.0014,0.0022,0.001,0.008,0.0059
26,5,0.0048,0.0077,0.0037,0.0012,0.0079,0.0083,0.0081,0.0041
26,6,0.0086,0.0044,0.0072,0.0066,0.0054,0.0034,0.0087,0.0055
26,7,0.0064,0.0086,0.0017,0.005,0.0003,0.0079,0.0059,0.0092
26,8,0.0052,0.0062,0.0005,0.0072,0.007,0.0083,0.0031,0.0019
26,9,0.0062,0.0068,0.0032,0.004,0.005,0.0014,0.0081,0.0035
26,10,0.0056,0.0054,0.0003,0.0011,0.0086,0.009,0.0065,0.0052
26,11,0.0860809,-0.0703891,0.00717587,0.0135906,0.0148228,0.0209428,0.140351,0.134454
26,12,0.274197,-0.264514,0.0316757,0.030792,0.0396625,0.0564451,0.463499,0.464597
26,13,0.582025,-0.569672,0.0560055,0.0496396,0.0785495,0.122987,0.982498,0.97702
26,14,0.917975,-0.901575,0.0802167,0.0814005,0.121014,0.195909,1.54781,1.54781
26,15,1.32848,-1.31857,0.114764,0.109153,0.177322,0.281731,2.25066,2.24888
26,16,1.87595,-1.86835,0.160936,0.153336,0.241403,0.38962,3.1831,3.18023
26,17,2.5725,-2.56641,0.223523,0.209725,0.332518,0.534346,4.36589,4.36716
26,18,3.40778,-3.39546,0.292249,0.279961,0.438991,0.713742,5.78739,5.78026
26,19,4.33195,-4.31486,0.370106,0.360023,0.561655,0.907874,7.34939,7.35211
26,20,5.25102,-5.24311,0.449483,0.427575,0.677056,1.10445,8.91611,8.92325
26,21,6.04143,-6.02761,0.510556,0.494784,0.782973,1.2652,10.2632,10.2605
26,22,6.55644,-6.54018,0.559917,0.535085,0.848085,1.37585,11.1344,11.1373
26,23,6.68592,-6.67923,0.564308,0.545294,0.868712,1.40047,11.3632,11.3659
26,24,6.40024,-6.38914,0.542799,0.526366,0.829398,1.34495,10.8794,10.8806
26,25,5.75201,-5.74373,0.489677,0.467267,0.745831,1.20573,9.77685,9.77801
26,26,4.86731,-4.85947,0.412648,0.394819,0.63069,1.02055,8.26964,8.26712
26,27,3.88836,-3.88095,0.326599,0.324149,0.506084,0.813994,6.61475,6.61125
26,28,2.95911,-2.95205,0.254398,0.239764,0.37765,0.616003,5.03001,5.02737
26,29,2.15595,-2.14215,0.183213,0.178881,0.275366,0.453477,3.65321,3.65873
27,0,0.0016,0.0085,0.0078,0.0094,0.0062,0.0021,0.0011,0.0069
27,1,0.0089,0.0035,0.0068,0.0082,0.0095,0.0029,0.0007,0.0038
27,2,0.0056,0.0091,0.005,0.0063,0.0024,0.002,0.0008,0.0004
27,3,0.0079,0.0051,0.0064,0,0.004,0.0079,0.0074,0.0056
27,4,0.0063,0.0051,0.005,0.0024,0.0073,0.0061,0.0094,0.0061
27,5,0.0095,0.0063,0.0042,0.0091,0.0093,0.0049,0.0028,0.0048
27,6,0.004,0.0078,0.0012,0.0062,0.0096,0.0018,0.0064,0.0076
27,7,0.0069,0.0027,0.0075,0.0009,0.0008,0.0048,0.0065,0.0071
27,8,0,0.0014,0.0096,0.0071,0.0074,0.0091,0.0031,0.007
27,9,0.0053,0.0073,0.006,0.0045,0.0022,0.0088,0.0093,0.0062
27,10,0.0065,0.0007,0.0025,0.0063,0.0023,0.0087,0.0038,0.0091
27,11,0.0016,0.0014,0.0001,0.0024,0.0062,0.0064,0.0093,0.0061
27,12,0.0524509,-0.0357558,0.00705159,0.00902187,0.0135741,0.0154304,0.0780398,0.0790395
27,13,0.1329,-0.12091,0.0184381,0.0164318,0.0236145,0.0341336,0.221843,0.223042
27,14,0.224722,-0.212639,0.0273931,0.0177102,0.031268,0.0488217,0.378013,0.373919
27,15,0.329714,-0.316043,0.0336694,0.0276571,0.0474189,0.0745909,0.559525,0.555933
27,16,0.478569,-0.472788,0.0470747,0.0422072,0.0675034,0.100175,0.810657,0.804477
27,17,0.675178,-0.661539,0.0604083,0.0607727,0.0877051,0.148276,1.14162,1.14122
27,18,0.904928,-0.892901,0.0821723,0.0800421,0.119783,0.197937,1.53454,1.5412
27,19,1.1761,-1.16131,0.103165,0.0986078,0.156237,0.252022,1.99341,1.98756
27,20,1.44645,-1.43644,0.119786,0.120867,0.192659,0.304208,2.45204,2.45392
27,21,1.68327,-1.67002,0.136384,0.144125,0.225612,0.355355,2.85894,2.8541
27,22,1.84081,-1.83667,0.154189,0.154465,0.241795,0.39587,3.12951,3.13811
27,23,1.89756,-1.88403,0.153745,0.165196,0.250901,0.407401,3.22697,3.21799
27,24,1.82491,-1.82037,0.14886,0.157337,0.239973,0.390239,3.10103,3.10617
27,25,1.64981,-1.64309,0.134734,0.136737,0.217553,0.355323,2.79931,2.80139
27,26,1.39914,-1.39002,0.117612,0.119012,0.185568,0.300773,2.37834,2.38388
27,27,1.12501,-1.11538,0.0974196,0.101464,0.147547,0.243175,1.91351,1.90795
27,28,0.852794,-0.850706,0.0692308,0.0726444,0.11762,0.182192,1.45923,1.45058
27,29,0.626044,-0.61748,0.0517189,0.0598555,0.080964,0.133353,1.05658,1.05708
28,0,0.0006,0.0082,0.0067,0.0044,0.0045,0.0098,0.0032,0.0096
28,1,0.0046,0.0013,0.009,0.0066,0.0088,0.0084,0.0006,0.0087
28,2,0.0006,0.0017,0.0015,0.0076,0.0047,0.0011,0.0086,0.0005
28,3,0.0037,0.0008,0.0096,0.0045,0.0041,0.0018,0.0071,0.0045
28,4,0.0001,0.0037,0.009,0.0044,0.0036,0.0021,0.0039,0.008
28,5,0.0034,0.003,0.0047,0.0021,0.0016,0.0052,0.0009,0.002
28,6,0.0069,0.0023,0.0096,0.0017,0.0034,0.0083,0.0022,0.0071
28,7,0.009,0.0017,0.0015,0.0032,0.0035,0.0084,0.0076,0.0034
28,8,0.0021,0.0065,0.0078,0.0057,0.0086,0.0019,0.0039,0.0021
28,9,0.0047,0.0084,0.0043,0.0061,0.0037,0.005,0.0081,0.0007
28,10,0.0073,0.0076,0.0022,0.0007,0.0061,0.0042,0.0076,0.0052
28,11,0.0057,0.009,0.0082,0.009,0.0075,0.0059,0.0025,0.0096
28,12,0.0025,0.0003,0.0053,0.001,0.002,0.009,0.0032,0.0067
28,13,0.0168159,-0.0020168,0.00348302,0.00186079,0.00344099,0.00251461,0.0177377,0.0256372
28,14,0.0237377,-0.011239,0.00151745,0.00558707,0.00971139,0.0108187,0.0354046,0.0298052
28,15,0.0313569,-0.0164593,0.00477844,0.00634121,0.00643996,0.00991137,0.045538,0.0472377
28,16,0.0428958,-0.0279995,0.00984069,0.0102003,0.0127457,0.00719262,0.0676742,0.0697737
28,17,0.0630157,-0.048621,0.0112687,0.00403568,0.0141363,0.0193299,0.103978,0.100779
28,18,0.0818688,-0.0787705,0.00658341,0.006965,0.0172451,0.0152904,0.138977,0.139477
28,19,0.114692,-0.0988033,0.00790977,0.00962352,0.01547,0.0244867,0.188941,0.18974
28,20,0.139552,-0.13086,0.0162497,0.0123149,0.0207959,0.0262247,0.239077,0.233482
28,21,0.169624,-0.156738,0.0144016,0.0170112,0.0234205,0.0332583,0.277262,0.283655
28,22,0.183532,-0.179038,0.0219727,0.0141347,0.0235389,0.0382983,0.313922,0.308629
28,23,0.189449,-0.182059,0.01628,0.0185449,0.022146,0.0362242,0.322713,0.323512
28,24,0.186329,-0.171746,0.0195756,0.0136353,0.0308301,0.0392971,0.310626,0.314921
28,25,0.162731,-0.157037,0.0141019,0.0168114,0.0264173,0.0342572,0.278561,0.276064
28,26,0.141051,-0.134557,0.0106548,0.0176101,0.0203962,0.0323191,0.239077,0.236879
28,27,0.108996,-0.105698,0.00860927,0.0105229,0.0131717,0.0241869,0.187742,0.187042
28,28,0.0823686,-0.0759719,0.0119806,0.00896395,0.0164455,0.0238859,0.134479,0.141876
28,29,0.0599168,-0.0531193,0.00677035,0.00593497,0.012037,0.0156312,0.0963806,0.0954809
29,0,0.0062,0.0025,0.0088,0.0011,0.009,0.007,0.0072,0.0017
29,1,0.0078,0.0078,0.0042,0.0086,0.0017,0.0008,0.0047,0.0051
29,2,0.0037,0.001,0.0083,0.0012,0.0098,0.0087,0.0088,0.0041
29,3,0.0012,0.0014,0.006,0.0068,0.0064,0.0079,0.0079,0.0028
29,4,0.0003,0.0066,0.0037,0.0094,0.0036,0.0008,0.001,0.0013
29,5,0.0086,0.005,0,0.0002,0.0058,0.0047,0.0053,0.0095
29,6,0.0056,0.0038,0.0006,0.0053,0.0024,0.0092,0.0095,0.0037
29,7,0.0007,0.0054,0.0006,0.007,0.0034,0.0083,0.0096,0.0036
29,8,0.0049,0.0034,0.0031,0.0085,0.0042,0.0039,0.0098,0.0027
29,9,0.0089,0,0.0027,0.0048,0.0045,0.0081,0.0042,0.0002
29,10,0.0018,0.0046,0.0056,0.0042,0.0039,0.005,0.0079,0.0044
29,11,0.0005,0.0083,0.0015,0.0038,0.0066,0.0012,0.0074,0.0016
29,12,0.0044,0.0004,0,0.0084,0.0041,0.0098,0.001,0.0031
29,13,0.0096,0.0038,0.0077,0.0043,0.0018,0.0018,0.0043,0.0036
29,14,0.0064,0.0097,0.0078,0.0004,0.0048,0.0057,0.0046,0.0052
29,15,0.0039,0.0062,0.0088,0.0006,0.0072,0.0061,0.0022,0.0018
29,16,0.0065,0.002,0.0003,0.0007,0.002,0.0014,0.0036,0.0015
29,17,0.005,0.0012,0.0056,0.0068,0.003,0.0001,0.0005,0.0094
29,18,0.0096,0.0081,0.0096,0.0044,0.0039,0.0043,0.0096,0.0079
29,19,0.0004,0.0083,0.0083,0.0077,0.0045,0.0005,0.0095,0.0009
29,20,0.0025,0.0096,0.0014,0.0045,0.0009,0.005,0.0059,0.0059
29,21,0.006,0.0016,0.0028,0.009,0.0015,0.0033,0.0083,0.0013
29,22,0.0014,0.008,0.0057,0.0053,0.0022,0.0052,0.0031,0.0027
29,23,0.0034,0.0016,0.0005,0.0079,0.0019,0.0098,0.0088,0.0044
29,24,0.0095,0.0003,0.0088,0.0004,0.0051,0.0048,0.0063,0.0012
29,25,0.0064,0.0092,0.0001,0.008,0.0024,0.0082,0.0091,0.0036
29,26,0.0063,0.0047,0.009,0.0083,0.0097,0.002,0.0011,0.0032
29,27,0.0034,0.0016,0.0012,0.0053,0.0013,0.0098,0.0096,0.0008
29,28,0.0002,0.0085,0.0012,0.0051,0.0034,0.0075,0.0061,0.0096
29,29,0.0066,0.0062,0.0075,0.0089,0.0045,0.0067,0.0026,0.0007
